type,x_0,x_1,x_2,x_3,x_4,x_5,x_6,x_7,x_8,x_9,x_10,x_11,x_12,x_13,x_14,x_15,x_16,x_17,x_18,x_19,x_20,x_21,x_22,x_23,x_24,x_25,x_26,x_27,x_28,x_29,x_30,x_31,x_32,x_33,x_34,x_35,x_36,x_37,x_38,x_39,x_40,x_41,x_42,x_43,x_44,x_45,x_46,x_47,x_48,x_49,x_50,x_51,x_52,x_53,x_54,x_55,x_56,x_57,x_58,x_59,x_60,x_61,x_62,x_63,x_64,x_65,x_66,x_67,x_68,x_69,x_70,x_71,x_72,x_73,x_74,x_75,x_76,x_77,x_78,x_79,x_80,x_81,x_82,x_83,x_84,x_85,x_86,x_87,x_88,x_89,x_90,x_91,x_92,x_93,x_94,x_95,x_96,x_97,x_98,x_99,x_100,x_101,x_102,x_103,x_104,x_105,x_106,x_107,x_108,x_109,x_110,x_111,x_112,x_113,x_114,x_115,x_116,x_117,x_118,x_119,x_120,x_121,x_122,x_123,x_124,x_125,x_126,x_127
0,0.08234993,-0.567774,0.040919006,0.3488345,0.3025105,-0.16154765,-0.5594998,-0.100523114,-0.22144175,-0.1447359,-0.13820408,-0.14649819,0.029283416,0.111791186,-0.3244088,-0.1017191,-0.09239026,0.77008575,0.183828,-0.18780486,-0.22331811,-0.11657449,-0.37888566,0.41770384,-0.3203314,0.39155123,0.08325858,0.26563,0.24194154,-0.2926113,0.6051275,0.4286523,-0.14727652,-0.14615884,-0.12761998,0.11587678,0.04923305,0.104139484,0.41108263,-0.5911516,0.044565815,-0.51737195,-0.005322429,-0.7862035,0.06049697,0.07328029,-0.26855808,-0.11648949,0.52496815,-0.31259146,-0.12478807,-0.1503353,0.1288608,0.17341101,0.33615267,0.07675154,0.33427185,0.025476424,-0.24023023,0.03685145,-0.1857997,0.17884265,0.02699585,0.44182226,0.45144725,0.19730848,-0.07294921,-0.06164978,-0.026309019,-0.31802785,-0.70168805,-0.13362038,-0.2719949,-0.1963025,-0.22615498,-0.32055467,-0.076676816,-0.36744955,0.5039657,0.26853332,0.19744024,-0.30771625,0.2907471,-0.33837366,-0.23086943,-0.25443864,0.25630668,-0.45617345,0.4414833,-0.28794178,-0.059055287,-0.18962502,-0.30942938,-0.26614755,0.2710687,0.29142407,0.5238089,0.53147006,0.72970754,-0.15600409,0.10896282,0.14454712,-0.7295072,0.102547586,-0.31129622,-0.48836106,-0.1718514,-0.14120136,0.33511773,0.17219488,0.18348989,-0.5486347,0.22926146,-0.46566528,0.47324544,-0.36483315,-0.57196903,-0.09037163,-0.15836528,1.1170081,0.37425116,0.09824214,-0.010420439,0.18005058,-0.24119723,-0.15344514,-0.28197154,-0.0025303985
1,0.1668755,-0.10869235,-0.065173715,0.25969598,0.022347983,-0.068450935,-0.16918808,0.22466543,-0.03161282,0.37303427,-0.23465995,-0.5098992,0.28026292,0.40818852,0.35360226,-0.5443333,-0.2918479,0.29811016,-0.0476454,-0.21723169,-0.14251468,0.15725642,0.13166441,0.2945482,-0.21644078,-0.31407115,0.24868163,0.0788175,-0.108549334,0.41753507,0.0117055215,0.18225053,0.35960695,0.24432087,0.4644667,-0.03380126,0.2238395,-0.13823535,-0.14796482,-0.03852613,-0.4339414,-0.29487863,0.2573555,-0.45384905,0.3839601,-0.4200231,0.028643679,-0.13465786,0.078359984,-0.5070233,0.0491329,0.1259556,0.58221036,0.21051338,-0.3567718,-0.6497743,-0.14909558,-0.05561913,0.43377063,-0.023316521,-0.2802499,-0.059701063,0.02893904,0.42217264,0.04382163,0.33079663,-0.3112105,0.06811995,0.1459934,0.095259756,-0.08705544,-0.04247719,-0.029469453,-0.013762366,-0.013819828,0.20442575,0.022576937,0.40676984,-0.009902614,-0.17703176,0.008006989,0.19443205,-0.04614774,-0.023111237,-0.28618672,-0.5177912,0.5113742,0.44171995,-0.3671577,-0.13337357,-0.055186603,-0.0070573855,-0.49159515,-0.11535896,-0.048471503,-0.16870275,0.4539186,0.06669491,0.30607757,0.27530417,0.026301755,0.0564957,-0.43157265,-0.14349782,-0.14343055,-0.5733674,-0.08009861,0.2676982,-0.14811142,-0.02787057,-0.1678131,0.039609954,0.4829906,-0.100142516,0.54292667,0.16163896,0.027920274,-0.1226371,-0.24862182,0.06235339,0.19959293,-0.061547805,-0.38760903,0.1906676,0.09125238,0.097716324,-0.23113401,0.094166435
10,0.9048967,-0.37380907,0.083684064,0.782795,0.41400453,0.2902927,-0.31572336,0.3674169,-0.088485695,0.1027189,0.16669601,0.28026292,0.11367234,0.6229374,-0.66036636,-0.2662018,0.0037632128,0.5118882,0.44249448,-0.4850823,-0.19800647,0.121145464,-0.1971124,0.1371153,-0.64674586,0.33721772,0.4740199,0.1256767,-0.22722118,0.18983753,0.24396312,0.1988155,-0.8015749,-0.06399264,-0.42365342,-0.14366095,-0.28610647,-0.0056168283,0.5374743,-0.27535594,-0.37030438,-0.18658327,0.46400124,-0.7064934,-0.11384129,0.26343375,0.10982284,-0.13253288,0.022040151,-0.5249729,-0.14333172,0.12335723,0.21012625,0.4849707,0.10869054,-0.6368806,0.41845042,-0.047236014,-0.2390396,-0.13223687,0.07672732,0.40195802,0.7856374,0.20110258,0.04564065,0.20612986,-0.045003343,-0.23731488,0.078259505,0.3490221,-0.41942275,-0.060156897,0.29160273,-0.25073496,-0.7546436,-0.30980882,-0.26939932,-0.3103964,0.11763153,-0.1499602,-0.06093815,0.069055825,0.13458262,-0.014227648,0.083229266,-0.059151173,-0.0042390516,-0.25455508,-0.19505452,-0.58526117,-0.6375835,0.0318656,-0.48694804,0.21753202,0.035615996,0.579555,0.41505602,0.37515542,0.03470662,0.13393725,-0.47776982,0.57538676,-0.7813681,0.28719518,-0.19432196,-0.090106614,-0.022101054,-0.21946795,0.107696116,0.74208313,-0.036255516,-0.5708392,0.18973053,0.061275207,0.40750992,-0.21741912,-0.30120105,-0.024023173,0.071635306,0.23730029,0.5931133,-0.2162665,-0.4191863,0.2929324,-0.35450053,0.24421722,-0.5341871,0.5143899
11,0.10895532,-0.18145058,-0.26989993,-0.14076142,0.22942747,-0.25434503,-0.3408709,0.093184605,-0.3220723,0.15172175,-0.43006077,-0.33820605,-0.059856817,0.033877566,0.41953772,-0.16746683,-0.45855814,0.19413537,-0.026844185,-0.40736836,-0.3132592,-0.08947457,-0.024240151,0.49809015,-0.052467007,0.23000166,0.32902414,-0.20550486,0.4726157,0.04243851,0.40675908,0.7985615,-0.29507762,0.36479905,0.5813323,-0.012010212,0.0024523393,0.48585415,0.49699244,-0.6925127,0.29512337,-0.15467294,0.14863113,-0.5672766,-0.36469454,0.07779606,0.13018198,0.36550006,0.2672143,0.2626724,-0.042018946,0.34021592,0.34238645,-0.3402146,0.18600826,-0.4353122,-0.25652245,-0.10040389,-0.32576913,-0.17779386,-0.6427873,-0.08034335,-0.0908141,-0.09791032,0.4589825,0.2847882,0.0010051196,0.24980377,0.28655443,-0.27105916,-0.2922599,-0.17688328,0.33565316,-0.0022275115,0.31663013,0.06197335,-0.39569822,-0.07207915,0.018873455,0.0881431,0.13936692,0.27243796,0.4344207,-0.093480565,-0.34176385,-0.27985343,0.21693398,-0.17053911,0.13717662,0.030610083,0.6737059,-0.26152676,-0.58177656,-0.612659,-0.05902775,-0.2856665,0.31297004,0.30437207,0.22067186,-0.28000915,0.07950909,-0.1646217,-0.22830926,-0.78711206,-0.57371324,0.030039163,-0.36646715,-0.24561486,0.39744154,-0.17362441,0.25817427,0.13322234,0.13340037,-8.957534e-05,-0.11586214,-0.6377139,0.0016359179,0.32176378,-0.34407958,0.47713083,0.4864971,0.40421027,0.34706178,0.2875212,-0.20556204,-0.21558154,-0.5696858,0.31065622
12,1.1187017,-0.13490728,-0.26508132,0.26627776,-0.091215715,-0.03802623,-0.40093407,0.40814817,-0.43170676,-0.0582939,-0.38546166,-0.71176124,0.44277278,-0.26339865,-0.2415011,0.18063046,-0.24168968,0.6698531,0.029048938,-0.22332226,0.258297,0.15280762,0.2083897,0.4560458,-0.13729863,-0.23746414,0.41273114,-0.000700882,0.34065592,0.052628353,0.120234944,0.26556668,-0.056955267,-0.060699023,0.5087343,-0.4103584,0.4223464,0.36927962,-0.13071755,-0.038997024,0.28806123,-0.5080276,-0.04354454,-0.19886705,0.15773416,0.24525326,0.2705969,-0.25715482,-0.0035241086,0.21020302,0.45875457,0.02853349,0.37232286,0.5077283,0.115291566,-0.23827834,0.10854243,-0.34153908,-0.3338197,-0.48840192,-0.8175306,-0.10575895,0.3960208,0.15320076,0.2743711,-0.4778349,-0.1616785,0.16627944,0.77839124,0.03023938,0.13113566,0.20371774,-0.19596358,0.23860888,-0.49621207,-0.27036017,-0.08680461,-0.08594389,-0.28576827,-0.45088413,-0.11347658,0.23591268,-0.3769719,-0.46281892,-0.1870403,-0.07342929,0.8381962,-0.036935203,0.1279915,-0.39346996,0.6152892,-0.21751823,-0.54766595,-0.1650541,-0.12605606,0.2096967,0.088337585,0.1525218,-0.22002758,-0.13969912,0.24053226,0.30717355,-0.7524753,-0.11341514,0.0070672915,0.17291066,-0.13970023,-0.17109951,0.4023761,-0.10194483,0.25469208,0.108641446,0.3660868,-0.22166339,0.23032737,0.023788176,0.29876623,0.4783401,-0.1491944,-0.19875295,0.3071302,0.33472916,-0.3084613,0.20741706,0.2251491,0.38148314,0.06165248,-0.10296164
13,0.468874,-0.40410405,-0.28913486,0.17597944,-0.3273663,-0.28082478,-0.34693494,-0.16029331,-0.34868562,0.25173467,-0.5012509,-0.17368375,-0.025488269,0.086431675,0.37487727,0.506429,0.10452056,0.3664705,0.33180207,-0.2806314,0.4138042,0.7697874,-0.40120193,0.006627034,-0.14386812,-0.14436439,0.2342033,-0.07733629,0.1776149,0.037267387,0.4533157,0.45755154,0.45807904,0.023101047,0.110766225,-0.2793604,-0.23531744,0.2400509,0.3012697,0.052696772,-0.51602036,-0.12707916,0.18534923,0.18917373,-0.5532801,-0.16546261,0.025237966,-0.025548693,-0.22403051,0.03577762,-0.010573524,0.32685688,-0.22651045,0.10466288,0.16804133,0.12784864,-0.36681736,-0.22364257,0.5304116,-0.561813,-0.011826273,0.1582607,-0.3194755,-0.14741145,-0.027572569,0.38035265,-0.2497913,0.29564905,-0.103281334,-0.47246924,-0.044642173,0.18872474,0.27417022,-0.44847447,-0.10753088,0.11168788,-0.5515599,-0.028875275,-0.43280172,0.35656345,0.11429114,-0.37813473,0.41072056,-0.31346926,-0.0005598636,-0.24788176,0.285085,0.41930294,0.61375344,-0.18926717,0.094469674,-0.06800247,-0.30811998,-0.23817727,-0.15891042,-0.21456192,0.101523384,0.40091497,-0.20678827,-0.13193636,0.2522589,-0.6888252,-0.26009122,-0.43220237,-0.1936395,-0.18137376,0.07646041,0.10136189,-0.3254619,-0.011521611,0.5816664,-0.2084667,-0.15177466,0.0872989,0.13173495,-0.414931,0.3351528,0.25042325,-0.27400222,0.5540231,0.9423424,0.26333967,0.086,0.69766265,-0.13851498,0.08828316,-0.03351627,0.022184769
14,0.49844187,-0.086333565,-0.48669046,0.33534884,-0.038255107,-0.65616536,-0.034510743,0.4069174,0.25605223,0.670765,-0.14157215,-0.39519492,0.2741213,0.1425512,0.120147504,-0.27809796,-0.25575283,0.34606794,0.011148448,-0.36194834,0.55047894,0.5273204,-0.47026893,0.75769997,-0.6171156,-0.3756826,0.40072125,0.026910862,0.4366158,0.33509892,0.18635634,0.67648095,-0.043854076,-0.16440645,0.65650797,-0.5750355,0.19649656,-0.007449029,-0.007880786,-0.03739919,0.014457585,-0.28425837,0.9914473,-0.21597363,0.07090709,-0.30878925,-0.23548704,0.164337,-0.080123335,0.005931485,0.21306626,0.109682925,0.60897225,0.2926045,-0.059206646,-0.42751697,-0.047058083,0.15448837,-0.069559254,-0.0038678944,-0.5307293,-0.36264363,0.15931278,0.380963,-0.2041215,0.24763133,-0.1056464,0.2977227,0.24852239,-0.124592595,-0.13141584,-0.09074411,-0.08283991,0.20711052,-0.7050782,-0.11271823,0.2038706,0.6705377,-0.005846318,-0.2098432,-0.6302236,0.4832849,-0.35570234,-0.5026598,-0.1848272,-0.7498629,0.42584684,0.43829232,-0.27006873,-0.3776006,0.122248836,0.032177947,-0.08536273,0.14178126,-0.45913354,0.17172302,0.34592083,-0.03767205,-0.09894758,-0.032099236,-0.074781984,-0.3144621,-0.6610569,-0.26290065,-0.12074292,0.33861953,0.269019,0.27349338,-0.046518754,0.3853413,-0.39593753,-0.2829871,0.04246745,0.35998508,0.7497896,0.39954174,0.3049003,0.0566505,-0.09177053,-0.21877798,0.47188494,0.09911344,-0.6579345,0.9130752,-0.14920133,0.5830928,0.21540305,-0.22147278
15,0.21652895,0.09889608,0.019918282,-0.42152706,-0.2552677,-0.30380198,-0.55287164,0.15980753,-0.62914187,0.5171514,-0.4905536,-0.5744568,-0.116427004,-0.15192582,0.274574,0.09853306,-0.1942253,0.49520078,0.049420338,-0.35770014,-0.14125231,-0.107305236,0.5441961,-0.41743767,-0.11884917,-0.034548875,0.58928853,0.029915832,0.47911623,-0.36098853,-0.16255528,0.3079871,0.23319751,0.109026164,0.4122143,-0.10906536,0.12825143,0.6888883,0.006486665,0.24516061,0.09913516,-0.7179954,-0.31821734,-0.20827334,-0.094574645,0.10937924,0.10333311,0.49055797,-0.30494303,0.3445646,-0.3966595,0.36734697,0.29136482,0.1383847,-0.19620402,0.22880772,-0.42372876,0.09024726,0.06980444,-0.75817674,-0.5779596,-0.13288473,-0.42768496,0.07947701,0.26551765,0.02797549,-0.40864718,-0.011318369,0.13103767,-0.023215476,0.27662304,0.44801956,0.22538662,0.28343835,0.47037458,0.47852623,-0.35444117,0.16757172,-0.15789178,0.038222678,0.5969315,-0.11901405,0.22371818,-0.4715316,-0.16920778,-0.070107155,0.5855766,0.10089864,0.033661682,0.476374,0.9268618,-0.039497387,-0.24698864,-0.22728126,-0.013584759,-0.3962561,0.5610066,0.6335297,-0.17363933,-0.124192156,-0.11630017,-0.19796126,-0.19692494,-0.40764707,0.07365462,-0.114627294,-0.14204462,-0.240765,-0.13598095,-0.24049148,0.3748003,-0.108003885,0.1372981,-0.26006636,-0.078859344,-0.459906,0.4170417,0.015961573,-0.4286571,0.12308868,0.23708305,0.8839614,0.16353634,0.2337799,-0.00069384667,0.14037143,-0.3787314,-0.21338286
16,0.43566418,-1.0561318,-0.4203964,0.24727713,-0.09256491,-0.23494565,-0.1910681,0.31587288,-0.39014,-0.16020018,-0.55199057,0.14500427,-0.24450105,-0.31838533,-0.25370947,0.12936445,0.33550462,0.5742793,0.020718094,-0.13906226,0.38073048,0.49905726,0.01592355,0.053628244,0.073867835,-0.058875185,0.13344927,-0.36082467,0.5241286,-0.11879221,0.5156657,0.9507491,0.14918825,0.14510594,0.45668486,-0.064353295,-0.029840764,0.3614824,-0.08639336,-0.10087134,0.11814936,0.05277468,-0.029329805,-0.1045893,-0.6086588,0.082493305,-0.0632516,0.010864911,0.19474189,0.6020808,-0.16634372,0.30601808,-0.081960365,0.35691032,0.099852316,-0.044845235,-0.36154065,-0.26369983,0.042670112,-0.39546195,-0.6221431,0.19426107,-0.12412238,-0.19595513,0.34807807,0.33734822,0.016241806,0.24276274,0.7304545,-0.12189436,-0.31052715,-0.20163374,-0.1519151,-0.11837311,-0.5992253,0.04988008,-0.6867239,-0.49098486,-0.25096262,-0.2582987,-0.04277594,-0.15243535,-0.15296207,-0.22848035,-0.19557177,-0.30724263,0.5330534,-0.15397881,0.5900266,-0.26324216,0.42692748,-0.2375351,-0.56561315,-0.61150974,-0.3826066,-0.07031486,0.6031832,0.30729976,-0.43150166,-0.108632535,0.1274251,-0.17460796,-0.5468962,-0.124007955,-0.18674803,0.3683482,-0.11423715,0.056291107,0.19706376,-0.038986195,0.1491253,0.09473565,0.25721896,-0.1148481,0.1649361,-0.44496736,0.03118352,0.17270595,0.01653344,0.5129183,0.6890616,0.16635537,-0.19501096,0.42256048,0.37288982,0.52790046,-0.11277495,-0.11752439
17,0.58919424,-0.89203316,-0.06603247,0.46263152,-0.3411048,-0.34912392,0.23947209,0.5167921,-0.29823893,0.20004399,-0.16411725,-0.22979003,-0.3482153,0.33468515,0.012609435,-0.21127999,0.20715044,0.5814103,0.20991912,-0.24114116,0.4510413,0.7089483,0.09815554,0.17247662,0.10528534,-0.2929247,0.42718026,-0.11942108,-0.23764788,0.19127695,-0.0507155,0.15246755,-0.2689986,0.21048999,-0.12934735,0.028542079,-0.2687463,0.2712525,-0.012717826,0.06843813,-0.36801922,0.1439096,-0.0066385367,-0.0524819,0.11024643,-0.25318572,-0.22204643,-0.22342919,-0.27367458,0.14730577,-0.18832605,0.25431743,-0.08752023,0.7490407,-0.33411488,-0.39930174,-0.024348939,-0.5676232,0.54112285,-0.49954137,-0.050142147,0.094087616,0.21893592,0.28140745,0.06824564,0.18319519,0.2249021,-0.30957595,0.2000857,0.37025484,-0.2558268,0.2323514,0.19277339,0.077893324,-0.6825384,0.2930082,-0.7300544,0.021558637,-0.29536742,0.17003094,-0.16087365,-0.13626432,-0.39016986,-0.14431038,0.55011296,-0.42123505,0.41417986,0.09340631,0.059646077,-0.49085987,-0.5499298,0.07243658,-0.19600236,0.02149826,0.041433968,0.10007693,0.8761877,0.38664475,-0.38737953,0.33585027,-0.2005476,0.42435652,-0.60815084,-0.14072923,0.18642905,-0.20622249,0.23699345,-0.05743348,-0.068315774,0.5774377,0.20362292,-0.052549772,0.3197214,-0.059405196,0.41737217,0.3830837,0.5357638,-0.22999632,-0.40972558,0.488181,0.2686207,-0.0053547802,-0.33636406,0.21742943,0.27857774,0.59902847,-0.054130316,0.4883036
18,1.2262515,0.1372957,0.19838873,0.19137329,-0.030562947,-0.38229227,-0.6389361,0.37811285,-0.45774466,-0.17000504,-0.9029492,-0.41514757,0.07586767,-0.41003117,0.048163068,0.2918217,-0.11070836,0.5177566,0.2971859,-0.53257465,0.23460972,0.31366646,-0.029337058,-0.30931318,-0.194611,-0.6369264,0.67232865,-0.0761558,0.05330866,-0.1872845,-0.21860568,0.14446905,0.32215184,0.06301702,0.13388725,-0.36781043,0.0044934247,-0.28473708,-0.0011404027,0.29911637,-0.70131624,-0.6667154,-0.09166216,0.027533809,0.3832068,-0.43100414,0.44695148,-0.15885685,-0.611497,-0.30678394,0.44457436,0.030204745,0.22906181,0.50925547,-0.10928841,0.11589719,-0.22213914,-0.25687435,0.3985383,-0.52876097,-0.20808452,-0.14158428,-0.02625391,-0.030843515,0.037921414,-0.078099824,-0.3178038,-0.16092849,0.21350302,0.3643476,-0.15516658,0.5918132,0.22020918,-0.115160145,-0.33261943,0.29599068,-0.42496708,0.18549135,-0.10075308,-0.042656172,0.20131232,0.42036533,0.1943363,-0.08091527,0.05941966,-0.4274916,0.9423531,0.29279286,-0.07345378,0.24259517,0.22672644,-0.08597886,-0.03739572,-0.45360926,-0.157202,-0.115512155,0.08758257,0.4382376,-0.16888903,-0.21913213,-0.076454215,0.1220869,-0.4091457,0.097551145,-0.07388731,-0.10253225,0.0039972435,-0.1643901,-0.17693959,-0.29278633,0.3237632,0.018740611,0.028416533,-0.023779642,0.4067014,-0.048446145,0.76176596,-0.010906255,-0.043495122,-0.28485078,0.7078074,0.7245586,-0.55338615,0.27980417,-0.018491963,0.11230372,0.0048534805,-0.3790387
19,0.8065606,-0.04860014,0.034205254,0.13348879,-0.3351463,-0.39490464,-0.16064265,-0.17420547,-0.12322463,0.18314952,-0.6947482,-0.16973434,0.25058383,-0.32867378,-0.16182983,0.2565641,-0.07095035,0.39662793,0.060390186,-0.5008224,-0.021382395,0.4449399,-0.034346975,0.18422276,-0.29000357,-0.3999415,0.5474895,-0.18853065,0.058955755,-0.2182604,-0.075530075,0.07848926,0.15276538,-0.097093135,0.19165918,-0.3564438,0.13617025,-0.09979268,-0.009025172,0.09440488,-0.6071,-0.6768797,0.0069096843,0.19277786,0.0022886512,-0.42156613,0.11167316,0.0051772185,-0.30327743,-0.4307866,0.40711346,-0.11893578,0.46458885,0.3764224,-0.10971056,-0.12403134,0.25371692,-0.24066457,0.45924392,-0.28349963,-0.43494803,0.07272277,-0.15865241,0.24980271,-0.18872055,0.25114524,-0.42896006,-0.029294752,0.32553348,0.08923289,-0.020479312,-0.08568638,-0.6546609,-0.16758034,-0.5939964,0.41063836,0.040671337,0.6414712,-0.1826054,-0.22327435,-0.40108046,0.38334784,-0.0025654244,-0.16690466,0.24678491,-0.4274661,0.5295665,0.22273225,0.038653944,-0.049461786,0.0852431,0.1837358,-0.12942602,-0.1627783,-0.31350893,-0.20525621,0.061364964,0.17900477,-0.5027716,-0.24269228,0.092777245,0.024940614,-0.64729863,-0.1118577,0.09541189,0.41989806,0.19134721,0.08813857,0.038001817,0.14188962,0.06715418,-0.15632804,0.019663895,0.3711071,0.48260692,0.3538608,0.7131968,-0.0084218215,0.0868824,-0.2649012,0.70569706,0.25279036,-0.45508572,0.10005538,-0.2471313,0.35795915,0.05074869,-0.22017199
2,0.73210025,0.03559113,-0.22422403,0.43028444,0.03294997,0.3343913,-0.9467974,-0.00058674376,-0.34811202,0.08733605,-0.11926279,-0.7356849,0.3459494,0.61564094,-0.57048726,-0.07009354,-0.21739878,0.8462017,-0.06771934,-0.23966552,-0.15706366,-0.20544961,0.3936822,0.36599782,-0.6768826,0.6188766,0.3445475,0.3835315,0.027931968,-0.13020302,0.31587026,0.4259942,-0.22267044,-0.23887958,0.1422603,-0.047845736,0.50228786,0.6561912,-0.03871421,-0.2065283,0.44871524,-0.8849992,-0.19355814,-0.78492355,0.14141364,0.51996654,-0.14011239,-0.3354701,0.20572323,-0.47592083,-0.060839403,-0.09356067,0.66804796,0.3211461,0.008659647,-0.0076350146,0.2795331,0.09663209,-0.79599065,-0.42267528,-0.82392114,0.16538283,0.51986885,0.74284583,0.6160829,-0.59890807,-0.32589418,-0.099913776,0.1028426,-0.6116446,0.13061376,0.3757606,-0.13171487,0.090364076,-0.30998003,-0.6246645,0.30261979,-0.57098037,0.6429873,-0.54944724,0.5230474,-0.2672637,-0.23818026,-0.90209985,-0.4888331,-0.035505984,0.7730385,-0.1190692,0.25745493,-0.4198648,0.34088525,0.0029482308,-0.6273914,-0.32270205,0.2609054,0.75407934,0.62994444,0.4800885,0.38467407,-0.08510179,0.21129769,0.21406797,-0.8253592,0.4591815,-0.075727366,-0.5907921,-0.2704077,-0.33179215,0.079122506,0.038659118,0.32235047,-0.61981,0.5028629,-0.7165104,0.25868902,-0.3817942,-0.45594135,0.43819913,-0.30570787,0.6349989,0.08799979,-0.04923232,0.31909597,-0.013788684,0.16541065,-0.013776584,-0.17817798,-0.1194645
20,0.44705284,-0.21467346,-0.19518127,0.1418093,-0.20152415,0.07517072,0.1375083,-0.11115299,-0.057871055,0.26574892,-0.23351248,0.24132285,0.16942282,0.26545313,-0.6968981,-0.054714274,0.18436858,0.37920886,0.1376457,-0.41888046,-0.15390784,0.5238202,0.04438205,0.1628969,-0.3793257,0.26984957,0.37449327,-0.28834853,0.21072666,-0.35889018,0.2924038,0.56834215,-0.04136577,0.22566818,0.21938923,-0.4161193,-0.17476366,0.15642987,-0.027366018,0.051577505,-0.5483428,-0.3572589,0.34174782,-0.056522105,-0.58684325,-0.102783665,0.18352842,0.2728501,-0.18660036,-0.5362964,0.28845268,0.3244377,0.5853093,0.11123028,-0.12239618,-0.100043505,0.008973674,0.04858266,0.018688643,-0.047731914,-0.518938,0.42862913,-0.15813819,0.12013812,-0.045952864,0.30738407,-0.40707514,0.0603453,0.6774667,0.04430938,0.08449093,-0.61708117,-0.54470676,0.03151387,-0.8482142,0.4733742,0.052750792,0.3252519,-0.11145318,-0.79609406,-0.38627326,0.5182997,-0.20440832,-0.22710904,0.4445182,-0.17371863,0.2739577,0.19057779,0.07031179,0.06670541,0.26767567,0.31965336,-0.5435119,-0.19882496,-0.73599476,0.0028430356,0.49157253,0.13230005,-0.6598012,-0.14288788,0.10711698,-0.18440492,-0.6212584,0.021261383,0.018091084,0.6788565,-0.19206329,0.13559459,-0.10140474,0.3431922,-0.14694105,0.08508869,-0.09855905,0.44924423,0.4334344,0.14540917,0.2675761,-0.059091818,0.33954144,-0.14979286,0.6521496,-0.36597168,-0.1794778,-0.26993242,-0.104303725,0.59807175,-0.07815033,0.12304099
21,0.064593405,-0.39625973,-0.2175489,0.16670679,-0.10406772,0.028000163,0.05328916,0.41199172,0.07275263,0.1412863,-0.33691716,-0.35269332,0.022681724,0.673585,0.33907574,-0.16302557,-0.18000329,0.18827555,0.06765485,-0.2813952,-0.038472224,0.36805478,-0.10434955,0.22834314,0.25683376,0.2900063,0.34975708,-0.101251476,0.079212666,-0.20688614,0.5114163,0.5734553,-0.15841217,0.6093746,0.24345592,-0.05631263,-0.33538023,0.14832209,0.20837297,-0.45489025,-0.45323488,0.28992268,0.059331585,-0.4402383,-0.32993135,-0.39600453,0.12796773,0.15385456,-0.16899803,-0.06022743,-0.0050172955,0.52257293,0.37687036,-0.46431342,-0.10392639,-0.57256246,-0.6306745,-0.12013124,0.04007628,0.10315027,-0.52729374,0.1693941,-0.1395742,-0.1063192,0.42970052,0.11277962,0.013375259,-0.26086438,0.12934107,-0.49548402,-0.13162905,-0.045926746,0.5151553,0.17280799,0.094454326,0.4525043,-0.7553248,0.16140592,-0.20091511,-0.34940502,0.13587841,0.46967635,0.48446026,-0.05958937,-0.010000417,-0.1738717,0.35523722,0.20441288,0.17707397,0.2239968,0.07955162,-0.2409074,-0.78221786,-0.75615776,-0.2833643,-0.3722959,0.744973,0.27275622,0.19661947,0.17716868,0.20558259,-0.1420538,0.09495166,-0.18016976,-0.5812061,-0.6076279,-0.30222356,0.026045658,-0.3728957,-0.10628284,0.26905417,0.56942064,-0.1499991,0.07004156,0.28276634,-0.22787182,0.13604362,0.22088237,-0.25919813,0.6255529,0.63063955,-0.12525612,0.15001641,-0.24777791,0.9826238,-0.34281185,-0.33787733,0.37828618
22,0.5355586,-0.64447707,-0.11159449,0.2643814,-0.010216141,-0.15115471,-0.23092908,0.5351561,-0.49651667,0.17016397,-0.2297493,-0.41672575,-0.07815591,0.15918607,0.24908416,-0.07541231,-0.092983335,0.7843298,0.32144552,-0.10788998,0.31583613,0.60469747,-0.12483032,0.10299266,-0.09198262,-0.22933598,0.14979583,0.066260725,0.21877399,0.24277528,0.24634431,0.27429152,0.20416038,0.1353213,0.3641338,-0.12993546,0.06638336,0.04402875,-0.04102896,0.16686495,-0.3691282,0.074237026,0.31277815,-0.25573233,0.00048746017,0.16942583,0.046117853,-0.11289336,-0.05377257,0.2818473,-0.0068728537,0.17993811,-0.20401347,0.5233086,0.015280065,-0.34582794,-0.39846063,-0.11609402,0.45547676,-0.34305078,-0.15083823,0.04636685,0.14869846,-0.09282639,0.027846748,0.338236,-0.06755999,0.20680618,0.69606316,0.45593,-0.13445343,-0.11713826,0.19631222,0.27258563,-0.46945733,0.15574606,-0.555478,-0.14612629,-0.4724238,0.0020311694,0.082193665,-0.01596996,-0.103765704,-0.27505282,0.06817566,-0.4896229,0.3978312,0.11843672,-0.049820967,-0.35280502,0.23736401,0.018202443,-0.55087316,0.0039294935,-0.3380672,-0.1997874,0.33095703,0.41594332,-0.145862,0.011636809,-0.030492911,-0.12233943,-0.4218325,-0.3716934,-0.117285185,-0.19387487,0.022111608,-0.058094807,0.14960727,0.27826518,0.20027053,0.162689,0.2745101,-0.15420227,0.2658056,-0.17590629,0.07217757,-0.20312506,-0.2221249,0.2093814,0.5644716,0.21313944,-0.54945964,0.5278129,-0.168814,0.7322899,-0.122336835,0.20501305
23,0.07626689,-0.22114186,0.007190597,0.021066124,-0.057726953,-0.8589308,0.08155468,-0.18250635,0.27633074,0.33306774,-0.77774984,0.22868872,0.35484102,-0.28773457,0.116765514,-0.07392888,-0.15961233,-0.0126116015,-0.22064693,-0.29099134,-0.1565277,0.050341967,-0.47144136,0.5100921,-0.4543422,-0.20353985,0.3703089,-0.0067415875,0.24530792,0.008672775,0.46154857,0.7885956,0.14510322,0.00092270813,0.191737,0.02194199,-0.023291547,-0.22640112,0.40981397,-0.34043428,-0.04352524,-0.72504056,0.36344123,-0.41857225,-0.26197103,-0.6957415,0.13135685,0.5328337,-0.3538891,-0.47751024,0.0049105044,0.2040585,0.69987357,-0.0041563385,0.14088073,-0.2866003,0.19054474,0.06411292,0.3063812,-0.18661618,-0.5695417,-0.37327683,-0.44337013,-0.02689039,0.2089726,0.6428296,-0.25208178,0.6073374,-0.25165027,-0.36122394,-0.759187,-0.07979649,-0.49186465,-0.33888397,-0.09535576,0.19170427,0.049204614,0.6080272,0.24121611,0.16189805,-0.54912925,0.14662437,0.658749,0.3120964,-0.6810747,-0.50301427,0.3135433,0.14646241,0.026690468,-0.021688722,0.08484793,-0.44595093,0.041982908,-0.6640233,0.12281459,-0.43776786,0.52617717,0.051296756,0.33571264,-0.0019077414,0.06597556,0.008551979,-0.2217386,-0.081643045,-0.21940094,0.08252004,-0.07736874,0.2313543,-0.23766418,0.07417505,0.17661998,-0.52530074,-0.32175922,0.06729008,0.23815359,0.12179322,0.39690167,-0.05904198,0.20643514,0.47930825,0.67854595,0.053949766,0.075962305,0.9298923,0.09823733,-0.29695442,-0.40600723,-0.40760496
24,0.2607864,-0.5338936,-0.02205915,-0.22100964,-0.63544685,-0.4134233,0.4992162,0.40590984,0.46778297,0.4868604,-0.17834336,-0.039401148,-0.10807919,0.17510737,-0.22218205,-0.28971666,0.12409754,0.08858521,-0.07231134,-0.20089321,-0.08574298,0.29317182,0.34140134,0.5038428,-0.15672271,0.037674613,0.7606577,0.19181065,0.053192157,-0.41777167,0.023530472,0.4634296,-0.4370086,0.36109328,-0.2179773,-0.07579958,-0.32929063,0.6391726,0.303535,-0.5092391,0.47065827,-0.26840878,0.32987645,-0.047708325,-0.54931766,-0.2339548,-0.048202086,0.6300406,-0.38384196,-0.022749046,-0.34461254,0.4348619,0.9305815,0.5197008,-0.28965116,-0.05435612,0.15437384,-0.14600119,-0.3234803,-0.6011616,-0.4608472,-0.082677945,-0.4960316,0.27778086,0.226061,0.31579223,0.31103525,-0.23281676,-0.20255801,-0.30126208,-0.327795,0.052075945,-0.2669344,0.104623094,-0.23486419,0.11977236,0.048386686,0.44424912,0.059125964,-0.11142512,-0.62857246,0.10204805,0.09795453,-0.14692208,0.06584087,0.024766898,0.0139338225,-0.11722989,0.34580645,0.14269546,0.122991234,-0.3149909,0.22416848,-0.15108006,0.16135372,-0.076485135,1.2890068,0.16507919,-0.24674203,0.18961215,-0.16858815,0.36748242,-0.47787172,-0.2227033,0.11461443,0.47403196,-0.069781706,-0.15343411,-0.26522627,0.42846033,0.027095497,-0.33854482,-0.0958612,0.39399073,0.19927609,0.37181526,0.6992666,0.010984252,-0.29455867,0.66018915,-0.0029085008,-0.14293374,0.2053147,0.17889099,0.68286175,-0.033935294,-0.02226478,0.30502543
25,0.63415176,-1.1435155,0.047252916,-0.037516464,-0.16797948,0.17660587,-0.031884123,0.59907085,-0.35309857,-0.095349565,-0.13103148,-0.050626036,-0.58568335,0.2222204,-0.2472941,-0.2580865,0.42154503,0.71552813,0.76440245,-0.08551893,0.02933633,0.7259589,0.34491077,-0.30351603,0.14818245,-0.09034328,0.22663964,-0.25737056,0.02660259,-0.08771313,0.08499546,0.49364984,0.11821008,0.44649553,0.04305786,-0.040118136,-0.4722836,0.4828676,0.14704822,-0.18520406,-0.39150485,0.22776383,0.053944882,-0.17114687,-0.51678383,-0.070621334,-0.00919695,-0.4118742,0.26287553,0.1241268,-0.11388392,0.48992193,0.00695794,1.0530585,-0.05711756,0.094865926,-0.28983843,-0.5008642,0.42686287,-0.7801476,0.06880373,0.33469102,-0.25559792,0.3138831,0.09489671,0.45783028,-0.01252703,-0.33964127,0.38015994,0.37746385,-0.16536939,0.14392492,0.57680917,-0.2740328,-0.2393417,0.24365261,-0.7425048,-0.5518999,-0.20638546,-0.15323496,0.36366352,-0.47671068,-0.16564837,-0.47198614,0.38168788,-0.097669676,0.39031482,-0.09598391,0.35624275,-0.09590913,-0.058449317,-0.0674246,-0.33263803,0.22839554,0.03624285,-0.043351904,1.0075369,0.5128499,-0.43763304,0.07223018,-0.271342,0.099268265,-0.8091353,-0.08721239,-0.10538763,-0.25542903,-0.34695867,-0.11298609,0.060083047,0.16950233,0.09821591,0.16586377,0.60706735,-0.021153772,0.436267,-0.50941,0.0027461473,-0.19556813,-0.38102093,0.6514637,0.33048826,0.29872036,-0.18570492,-0.1765102,0.32828447,0.5978848,-0.049074374,0.44248837
26,0.24685313,-0.2649012,-0.23127265,0.040512625,-0.1954664,0.12706058,0.005352751,0.3453469,0.33192986,0.5200522,-0.2964782,-0.16558488,0.26269624,0.74800473,-0.017402858,0.032737423,-0.111166164,-0.13819315,0.3370606,-0.58924776,-0.09872454,0.62268263,-0.09677977,0.1188424,-0.30958372,0.44671282,0.540924,0.037189737,0.1072917,-0.49144694,0.24833211,0.30516246,-0.19909088,0.282246,0.11595753,-0.41566938,-0.4486028,0.12726493,0.44057232,-0.5257262,-0.5542255,0.03540608,0.13365683,-0.38594043,-0.6783732,-0.3706346,0.13492303,-0.034549836,-0.27479932,-0.2551306,-0.23496133,0.29194447,0.5285923,-0.21206746,-0.011591978,-0.4461605,-0.6198228,-0.01788269,-0.089836165,0.10531152,-0.46441287,0.66904235,-0.21925896,-0.11773077,0.098932795,0.32640147,-0.1845905,-0.4964456,-0.19491921,-0.50387615,0.026853587,-0.0953093,0.43042883,-0.021355536,0.15791823,0.34444025,-0.7332836,0.31949776,-0.28852016,-0.5072801,0.19051024,0.39959896,0.68417245,-0.3023088,0.00064201374,-0.041303456,0.050018363,0.071728855,0.26379886,0.2070294,-0.15026042,-0.1837352,-0.594964,-0.36533877,-0.26590633,-0.44179022,0.57631505,0.24760367,-0.045835637,0.18234572,0.16683266,-0.28695855,0.05816752,-0.087627895,-0.7113812,-0.3014355,0.0695698,0.014468435,-0.52974206,0.10617639,0.036139227,0.23024443,-0.3620787,0.65364355,0.50284034,-0.33789012,0.14081389,0.5238089,-0.28223678,0.3928854,0.8535728,-0.05327122,-0.07492374,-0.09518947,0.7430593,-0.3567959,-0.23499548,0.36873695
27,-0.19848518,-0.21718939,-0.10912539,-0.2585285,-0.12866704,-0.60070914,-0.20024653,-0.018038368,-0.017833877,0.9577559,-0.6180998,-0.2192108,0.2977143,0.32460725,0.25800285,-0.30831188,-0.25370654,-0.09436871,0.16149466,-0.63360137,-0.46924624,0.24186604,0.23853864,0.17232727,-0.6494704,0.16719225,0.33936462,-0.15157077,0.31281292,-0.28425235,-0.11027775,0.1579597,-0.23434028,-0.20373392,0.8151832,0.35708117,0.37825623,0.29933771,0.10324125,-0.34787568,-0.017108975,-0.8414217,-0.21625702,-0.5049657,-0.08353992,-0.15515262,-0.5695694,-0.013855721,0.45977774,0.14800884,-0.64313036,-0.22133557,0.323261,0.21009044,-0.21895652,-0.7508855,-0.31282443,0.22191142,0.30470493,0.08567714,-0.80580026,0.3484155,-0.08104441,0.13728197,0.015739713,0.6794427,-0.603734,-0.061568465,-0.066038094,-0.02346223,0.037125602,-0.10277742,-0.27743077,0.016249849,0.43865693,0.44734886,-0.4233143,0.54894274,0.053397276,-0.07355245,0.3989323,-0.19078714,0.35380146,-0.4475632,-0.47655144,-0.7903575,0.19320352,-0.23209675,-0.32801428,-0.34364387,0.16304399,0.3504559,-0.29865244,-0.17264836,0.099447116,-0.64688265,0.44148862,0.30949238,-0.09381023,-0.32713732,-0.23666707,-0.31849578,0.17953287,-0.5854827,-0.48026627,-0.09744089,0.31021416,-0.15935273,0.26029465,0.37447825,-0.49429467,-0.42114362,0.38977057,0.34709966,0.5196073,-0.3874116,0.02521531,0.12326198,-0.57286024,0.23055388,0.63059515,0.61374664,-0.32757944,0.47849798,-0.36790812,0.31887236,-0.6135773,-0.036565598
28,0.5237056,0.40283534,-0.1146946,0.10460995,-0.1644973,-0.47802284,-0.37955526,-0.3418895,-0.14431131,-0.0077696573,-0.46114048,-0.614576,0.30005154,0.014645984,0.052828733,0.2356387,-0.08997166,0.42821324,0.1044847,-0.13580485,-0.0668243,0.22064249,-0.22536139,0.6165333,-0.32527837,-0.11851422,0.54773784,0.2046438,0.11236807,0.0492629,0.6083193,0.700924,0.19218239,0.10542431,0.3226011,-0.3184674,0.029052863,0.37708536,0.36578733,-0.52746505,0.1407416,-0.7813573,0.2939638,0.022100126,-0.32185555,-0.015004329,0.22385563,0.11820686,0.007824683,-0.59048843,0.5469238,0.2860626,0.9142947,0.16455576,0.03132063,0.1521711,0.37522697,-0.10347889,-0.324049,-0.5448312,-0.61737937,-0.31271887,-0.1503775,0.41666156,0.17351687,-0.24165478,-0.6075502,0.6983533,-0.21665934,-0.8028473,-0.1671477,0.35084033,-0.12027599,-0.20343763,-0.11291202,-0.2785363,0.5601394,0.28004652,0.32001522,0.46430057,-0.11437451,-0.06330951,0.13773955,-0.28751343,-0.339125,-0.2140054,0.7369115,0.37068072,0.37063622,-0.19264778,0.5435406,-0.37659094,-0.17868845,-0.47186348,0.1390792,0.26206654,0.08095819,0.111189686,0.21231428,-0.3307011,0.3838719,-0.09182583,-0.62493104,-0.46130213,-0.07130831,-0.26772568,-0.6517972,-0.046377704,-0.008465885,-0.29742098,0.5586408,-0.37416685,0.1969677,-0.386669,-0.07814583,0.1301906,0.57746965,0.5316209,0.008466248,0.45298886,0.21530093,0.034732178,0.6491556,0.24683242,-0.22969326,-0.27375427,0.0046681305,-0.1297092
29,0.4054539,-0.86399543,-0.5681735,0.2564472,0.09989899,-0.30011642,-0.22098458,0.19941375,-0.31882676,0.011526272,-0.47300074,0.04176233,0.051773075,-0.41022298,-0.27013063,0.02138307,0.16733383,0.39623412,-0.100511074,-0.35884413,0.32516482,0.3338511,0.009913748,0.2295661,-0.04711742,-0.02618222,0.13438743,-0.55847317,0.5754726,0.1390875,0.23106799,0.82188404,-0.036591347,-0.004567995,0.7573092,-0.038253114,0.20165025,0.28836846,-0.24677484,0.019805737,0.29210836,-0.16056183,-0.072046556,-0.21127772,-0.28756166,-0.028753184,-0.14112747,-0.157857,0.34850815,0.5893275,-0.122273386,0.11705388,-0.105950356,0.26900423,0.22263344,-0.4205757,-0.18674517,-0.38180968,0.114283055,-0.25076672,-0.78079724,0.21486703,0.12589714,-0.13750155,0.21917973,0.25020808,-0.028174732,0.1832278,0.69752157,0.107233874,-0.25758624,-0.26851645,-0.28965124,-0.13503033,-0.49736676,-0.05984429,-0.674855,-0.34748527,-0.30766642,-0.4056923,-0.047661435,-0.06764818,-0.31209433,-0.28295422,-0.26865304,-0.3907103,0.5643389,-0.2193276,0.41525945,-0.36293545,0.3162805,-0.11843732,-0.57921743,-0.41252545,-0.21267423,-0.031506237,0.4067823,0.15852432,-0.40847918,-0.02047836,0.18778817,-0.08663059,-0.5019831,-0.14062381,-0.22299449,0.38577658,0.18875529,0.13795367,0.3927373,0.09755287,-0.11290047,0.045673396,0.3699835,-0.079456605,0.40870744,-0.38201383,-0.07451569,0.36602223,-0.19977649,0.20745817,0.5171999,0.21867152,-0.41316462,0.62492216,0.23500662,0.5820594,-0.2105958,-0.17611721
3,-0.05399724,-0.13439207,-0.1887282,0.6892242,-0.21439429,0.18644366,-0.27278885,-0.15656666,0.1720682,0.2322018,-0.0634989,-0.12778021,0.12440647,1.0190219,-0.4421888,-0.26139742,0.21471873,0.5154403,-0.20586163,-0.365697,0.026379108,0.3258918,-0.28007632,0.25618634,-0.5309007,0.63611454,0.09768098,0.34537476,-0.01107308,-0.38475,0.5986229,0.48210618,-0.041952115,0.05321546,-0.12183137,-0.25126165,-0.17190006,0.08509106,0.0011428732,-0.15714394,-0.59039927,-0.078461334,0.07623191,-0.23942786,-0.222657,-0.033484932,-0.34751624,0.06041941,0.0205579,-0.45895255,-0.27033582,0.14334327,0.46997458,-0.43084642,-0.2970647,-0.15505111,-0.10238408,0.30035523,-0.28659895,0.52907807,-0.37497672,0.4755831,0.2605543,0.34695095,0.21945931,-0.07603247,-0.2798882,-0.45835117,-0.17806064,-0.7643323,-0.0025396233,-0.28039232,-0.25815088,0.20775945,-0.742665,-0.018625315,0.021837384,0.056204345,0.32304224,-0.26779333,0.0060098735,0.15289281,0.0820459,-0.35677722,0.13374092,-0.4116797,0.34004664,0.22396919,0.2711184,-0.07285671,-0.37934512,0.1580556,-0.4638121,-0.3877485,-0.36666006,0.23342682,0.656456,0.39509583,0.12601498,0.1763862,0.37121767,-0.29184484,-0.36389723,0.47412202,-0.2262784,-0.4119348,0.18615305,-0.0053788484,-0.49880162,0.25817075,-0.08542399,-0.27238622,-0.08518297,-0.097900435,0.66955656,0.25263783,-0.33501947,0.021224573,0.053527184,0.6780219,0.4895635,-0.66577774,-0.010662941,-0.33579636,0.21719232,0.037363518,0.053990986,-0.10930402
30,0.16840878,-0.31476346,-0.09878695,-0.24696423,0.16273606,-0.26253682,-0.25336412,0.51393586,-0.109921664,0.24127366,-0.32854345,-0.34940705,-0.06528738,0.275042,0.31124836,-0.39245185,-0.21565174,0.14911962,0.2819315,-0.30161262,-0.12894893,0.50312984,0.12189254,-0.010071714,-0.13403557,-0.1986397,0.4815485,0.08889019,0.12583213,0.31435043,-0.09400584,0.45599008,0.0041328785,0.4654626,0.65958196,0.13562527,-0.04382881,0.10004578,-0.14595659,-0.12316174,-0.066444635,-0.14559306,0.21773282,-0.3295168,0.1222111,-0.20823458,-0.017855521,0.004550071,0.11380444,0.046473965,-0.100645795,0.18202874,0.29509172,0.45676994,-0.12543073,-0.6194233,-0.67796266,-0.14364092,0.44465294,-0.45104256,-0.16011581,0.085838154,-0.28835014,-0.03883332,0.06926491,0.118668206,-0.12902659,-0.31952158,0.1449312,0.4022728,0.008237603,0.17343456,0.40305376,0.22001646,0.39237428,0.22643724,-0.4118731,-0.047356505,-0.28737754,-0.19490403,0.516529,0.05381124,0.19121562,-0.14672628,-0.2694203,-0.4392422,0.6617031,0.053668767,-0.078987524,0.32626164,0.17953409,-0.048888143,-0.37959513,-0.27028677,0.22307305,-0.31828833,0.8183081,0.038839564,0.08603534,0.1066363,-0.20388606,-0.047454283,-0.060359858,-0.34708297,-0.3425022,-0.65209895,-0.18477973,-0.06610932,-0.08003522,-0.13678345,0.16119453,0.3021569,0.37787548,-0.08660937,0.36898848,-0.23844646,0.050961327,-0.044320036,-0.7290491,0.47640234,0.08032757,0.3030955,-0.5275008,0.5233225,0.4650009,0.15211837,-0.32581395,0.1375473
31,0.15258361,-0.3443838,-0.27197063,0.009270151,-0.005965735,-0.7121095,0.065208204,0.25012195,0.17824778,0.6850276,0.03352944,-0.18478414,0.116950184,-0.004988183,0.1989917,-0.1328994,-0.30379832,0.16873875,0.16736585,-0.4760988,0.3328146,0.29097745,-0.4425627,0.7325547,-0.5316365,-0.0710514,0.4686665,0.24092838,0.59007126,0.13664973,0.36485127,0.70513403,-0.15040931,0.074350186,0.20095274,-0.6159226,-0.2223946,0.3421297,0.64573693,-0.49099413,0.39013556,-0.20201124,0.8606235,-0.4155349,-0.39814445,-0.2327353,-0.051842198,0.48464462,-0.30403498,0.27965268,-0.12732525,0.3719338,0.52097625,0.055457395,0.32123888,-0.22986759,-0.052899927,-0.059860967,-0.23430337,-0.38409206,-0.23170358,-0.17733102,-0.31106254,0.056691024,0.020289868,0.43863595,0.13473779,0.25464302,-0.16593613,-0.40077564,-0.5161826,0.0068160202,0.26083106,-0.015241594,-0.07118823,-0.26575416,-0.14095151,0.48899618,-0.23824345,0.41006902,-0.5774346,0.08741592,0.40276647,-0.16054723,-0.13559057,-0.25987518,-0.07156668,0.093206935,0.31349292,-0.05010939,0.025070118,-0.4439221,-0.021614417,0.21177226,0.03061601,-0.10051898,0.52587897,0.20637546,0.1345657,0.25299925,-0.019035107,-0.22835071,-0.68645805,-0.5154646,-0.3399641,0.3154286,0.105158634,0.034838732,-0.07768451,0.3491019,0.069234535,-0.38362366,-0.30005452,0.40575555,0.3256259,-0.03423627,0.3150914,0.31106204,-0.39992806,0.48972157,0.52918947,0.35870382,-0.20749916,1.0580058,-0.06436237,-0.07855331,-0.07777531,0.14904961
32,0.45335907,-0.33599442,0.20352326,0.41271088,0.35788903,-0.24840762,-0.44479963,0.43479145,0.070091695,-0.61239284,-0.63473904,0.49646127,-0.66611594,-0.34572172,-0.25928214,0.07602372,0.072687574,0.15320669,0.08173871,-0.44698963,0.06278428,0.46449956,0.18886483,-0.60449636,-0.10002872,-0.273986,0.3485119,-0.11044082,-0.13093302,-0.38828167,0.23298897,0.39597657,-0.49542755,0.29333672,0.311525,-0.0032479626,-0.056991547,-0.3656427,0.32084912,-0.5057508,-0.2963265,0.13263103,-0.22768626,-0.08220981,-0.5847504,-0.04186062,-0.14480075,-0.22964248,0.14930633,0.46311206,-0.109460846,-0.092403345,0.49773893,0.061981227,-0.16086194,-0.41211024,-0.34457597,-0.022333665,-0.39291406,0.46113238,-0.42265257,0.29957876,0.09858772,-0.04024339,0.059689704,-0.12968211,-0.31466037,-0.5186051,0.33774665,-0.3370986,-0.101002626,0.36108622,0.17635517,0.056469854,-0.40258288,0.12897839,-0.49560508,-0.098490454,0.16692969,-0.1003443,0.2063089,0.38674843,0.4006632,0.16577442,-0.016142644,-0.4199503,0.59100294,-0.26892337,-0.06263192,0.03611944,-0.11605187,-0.11477223,-0.4148674,-0.61148906,-0.29597443,0.018721178,0.32794848,0.09963549,-0.3904629,-0.21744582,-0.39868787,0.366299,-0.39956293,0.23171858,-0.44638836,0.0022268726,-0.71023434,-0.20913908,0.13869087,-0.28814882,0.10205865,0.44172764,0.3870247,0.22463089,-0.036799826,-0.35429665,0.17607725,0.12987757,0.5028751,-0.057566114,0.6615569,0.40906656,-0.24204023,-0.46959153,0.517799,-0.030147886,-0.09981719,-0.039131872
33,0.7666944,-0.43377173,0.2641788,-0.05295106,0.21403877,-0.3354096,-0.18662249,0.84005785,-0.046100773,0.090246975,-0.5877464,-0.43635833,0.28127605,0.17450275,0.2902904,-0.12143391,-0.2988653,0.26660132,0.5399588,-0.29254165,-0.1376923,0.25710675,-0.16190128,0.14276901,-0.017743655,-0.095336124,0.74419034,0.10984552,0.05605502,-0.08447173,0.0056241434,0.08996231,-0.30559605,0.41651392,0.17434119,0.14409243,-0.15749481,-0.0931851,0.38712072,-0.42479065,-0.2738171,-0.2764694,0.13878572,-0.67295754,0.18115245,-0.22877939,0.33158478,-0.037247695,-0.22065453,-0.079194814,0.0034963954,0.14328614,0.16509782,0.6064482,0.10604448,-0.661329,-0.43416172,-0.16646303,0.25752747,-0.43562016,-0.13502006,-0.028996266,-0.043287963,-0.22008412,0.15669751,0.29642415,0.19826174,-0.20372379,0.1258537,0.58896816,-0.44488877,0.11796081,0.50517863,0.09252919,0.27210364,0.1679968,-0.7454823,0.08600287,-0.22036631,-0.078058995,0.17439255,0.32309663,0.66960293,0.067552395,-0.35911798,-0.3468595,0.31967676,-0.26345184,-0.22750819,0.0482989,0.19103901,-0.4034103,-0.2272307,-0.25870067,0.34299982,-0.43365097,0.62579817,0.29635337,0.37089783,-0.02163783,-0.21191242,0.37744552,0.11537477,-0.41226846,-0.51318496,-0.54558486,-0.074393354,-0.317731,-0.037467036,0.25794336,0.19346769,0.09856994,0.08875436,0.05885591,0.30522978,-0.3119756,0.29551515,0.053453516,-0.44058853,0.3634323,0.4852509,0.44887212,-0.554883,0.48064327,0.43236008,-0.15990517,-0.45218647,0.3452903
34,0.15158276,0.35576385,-0.42808804,0.1250651,0.0676239,-0.40572706,-0.58330446,-0.5344181,0.4256778,0.63255477,-0.3320311,0.1954438,-0.08498715,0.19705637,-0.33070135,0.17114104,-0.2835214,-0.061425705,-0.1217341,-0.77719027,0.08399793,0.5423293,-0.18053935,-0.1526587,-0.90998757,0.24292152,0.5554312,-0.3841591,-0.017812435,0.0044344296,0.011567298,0.8006262,-0.3928158,-0.48355567,0.53472304,-0.41282296,0.20144178,-0.1461756,0.24193437,-0.07223075,-0.16124958,-0.90997255,0.43599865,-0.31577408,-0.6463275,-0.48321307,-0.4046924,0.09388964,0.022613067,-0.6002512,-0.20041452,-0.066135794,0.8402283,-0.3013982,0.117840074,-0.17275615,0.066752754,0.5016441,-0.18989499,0.021285309,-0.66277236,0.03683168,-0.15440196,0.73789394,-0.12602401,0.0046694744,-0.71614987,-0.17640777,-0.49737445,-0.9349071,0.3217399,0.3463017,-0.07818812,-0.3643515,-0.20771343,0.05712592,0.41878846,0.5769505,0.78233314,-0.7047867,0.20404275,0.2196665,0.09816595,-0.82186157,-0.22021784,-0.3400097,0.479714,0.32732373,-0.1761201,0.09711879,-0.11863779,0.47047642,-0.12694897,-0.2177847,-0.25670478,0.42879763,0.4439538,-0.040130373,-0.25294608,-0.06246257,-0.30464694,-0.53510267,-0.37788007,0.436063,0.05640801,0.008465601,-0.07704409,0.44412795,-0.5577015,0.10423098,-0.1846564,-0.75782794,-0.09314336,0.32375857,0.5320166,-0.33594787,-0.032142024,0.16116323,0.1601844,-0.005086901,0.5138356,0.17385891,0.20141084,0.4563662,0.06577229,-0.008473492,-0.23061562,-0.56127334
35,0.51349753,-0.6642163,-0.17029382,0.17552781,-0.22844782,0.6005154,-0.10967703,0.058542885,0.19421878,0.3479941,-0.19032536,0.4052665,0.33072847,0.6461435,-0.5264046,0.29536116,0.23771174,-0.051529933,0.6196794,-0.35298714,-0.38421413,0.1921229,-0.06713037,-0.19451363,-0.17776354,0.6505551,0.41009697,-0.2778935,0.15097417,-0.63125193,0.3575322,0.2802774,-0.37473217,-0.16325472,-0.3344808,-0.19563705,-0.532351,0.38058305,0.56290996,-0.60611975,-0.5511824,-0.15666507,-0.1287547,-0.4380467,-1.0166403,-0.12245,0.22299762,-0.09763707,0.20679565,-0.3655981,-0.38406798,0.30321923,0.1927396,0.12237975,0.27583185,-0.14822093,-0.15324922,-0.09829038,-0.100078575,-0.33594614,-0.37853733,0.78268117,-0.034825142,-0.16715612,0.1002638,0.4824423,-0.3799744,-0.43460402,-0.21977559,-0.43331575,-0.05526855,-0.17896727,0.32514283,-0.67475164,0.1719805,0.17730248,-0.6609036,-0.15173149,-0.26148224,-0.7008101,0.25109822,-0.12294504,0.7881091,-0.2509982,-0.17626055,0.5930763,-0.25767952,-0.40837052,0.47743604,-0.085495636,-0.23848535,-0.17610867,-0.68677056,-0.1271013,-0.1165004,-0.260466,0.40893692,0.33585677,-0.23161675,0.089005835,-0.078336515,-0.16392641,-0.155068,0.2176331,-0.48818368,-0.07260598,0.08799124,0.091224626,-0.32020745,0.23551184,-0.040762726,-0.2971812,-0.23997064,0.574983,0.43642643,-0.7559069,-0.2766633,0.5514973,-0.07688013,0.45923692,1.0529463,0.08232998,-0.0644041,-0.1616534,0.70487577,-0.269927,-0.5997835,0.25443113
36,1.011357,-0.054651745,-0.3212137,0.38462377,0.15552388,-0.18364385,-0.13357998,0.17884536,0.0126292175,0.25590414,-0.051675797,0.01879835,0.32839832,-0.07087874,-0.40150857,0.083158165,-0.10268178,0.4420718,0.14196584,-0.5074427,0.15566674,0.5371412,-0.56386536,0.43137345,-0.5641602,-0.2455209,0.7014421,0.086451486,0.3961565,0.41375804,0.28317538,0.71561366,-0.49148732,-0.11269808,0.29219064,-0.7896036,-0.14264873,-0.10027333,0.4487559,-0.35710415,-0.049114875,-0.1625987,0.96139073,0.03157922,-0.52223265,0.18649758,0.25869423,0.24682155,-0.02672725,0.05354884,0.3673223,0.22864725,0.48990268,0.35130036,0.28946555,-0.629953,0.27022964,-0.12808506,-0.17955616,-0.28908467,-0.18000689,0.043178707,0.3283372,-0.081095755,-0.21724673,-0.00195536,-0.20448917,0.076470196,0.40175802,0.12375592,-0.08379294,-0.17277229,-0.0068807197,-0.020107564,-0.7608136,-0.32583898,0.23007601,0.31299347,-0.35894227,-0.1477545,-0.6690879,0.48858002,-0.050398257,-0.11070806,0.08898691,-0.14945418,0.36115727,0.014759055,0.016035613,-0.29699048,0.06228289,-0.10538179,-0.35882083,0.27299026,-0.2593814,0.2953507,-0.016658051,-0.14294356,-0.45550144,0.019836308,-0.21289387,0.09806329,-0.82932323,-0.21903157,0.03777366,0.59967226,-0.003363597,-0.017663468,0.24620025,0.32632852,-0.024144772,-0.18490244,0.013043033,0.38239825,0.3389685,0.16652791,0.25645155,0.26512322,0.112571515,-0.22931914,0.62092143,-0.02579588,-0.69123465,0.84663725,-0.3848201,0.48279142,-0.19668126,-0.116881
37,0.44862825,-0.90801275,0.20531659,0.61888367,-0.24062115,-0.32891917,-0.13279353,0.54863024,0.01291059,-0.20698327,-0.43889654,0.38983214,-0.51083094,0.04941855,-0.064595185,-0.08231133,0.45502338,0.40429422,-0.028869962,0.12263782,0.20898081,0.2912589,0.050161812,-0.4545019,0.067221716,-0.48128664,0.20441747,0.13682781,-0.10240198,-0.09407507,0.29736906,0.40691337,-0.48904115,-0.049334686,-0.10805653,0.31955054,-0.099484146,0.110201575,0.30102527,-0.527063,-0.08314184,0.19623132,-0.24576858,0.018825108,-0.5300496,0.100306585,-0.3743016,-0.071737334,0.34779838,0.87290597,-0.52761114,0.13558674,0.13059166,0.5936042,-0.30561048,-0.36248177,-0.1801777,-0.0912647,-0.09623279,-0.21420154,-0.24802646,-0.17404768,0.2659659,0.04067512,0.006074089,-0.19943322,-0.12670359,-0.38519916,-0.09951612,-0.34767824,-0.1375022,0.5485279,0.28909105,-0.089488685,-0.2551367,-0.11405779,-0.29756284,-0.121539794,-0.056887046,0.27790257,-0.078472026,-0.40037456,0.25159344,0.16690363,-0.29685798,-0.26170006,0.5542395,-0.4392267,0.015827363,-0.47745928,-0.40534997,-0.26499557,-0.08380859,-0.10245635,0.21527074,-0.07789427,0.7494929,0.12980124,-0.32262525,0.082270324,-0.4657412,0.42472643,-0.35990766,0.13458475,0.025326775,-0.32563728,-0.2815845,-0.17164566,0.092415296,0.028833782,0.045850057,-0.20248458,0.5030615,-0.21293166,0.06656251,-0.019389482,0.10307977,-0.10242792,0.18329059,0.53578657,0.52178264,0.46185255,-0.38058522,0.12926891,0.7903249,0.24867147,-0.22647035,-0.22382492
38,0.3245073,-0.14057782,0.4676094,0.37164846,0.43197212,-0.5013416,-0.24359131,0.26383522,0.05880529,-0.56261235,-0.6709605,0.45280793,-0.40751696,0.32698748,-0.3365739,-0.14381732,0.08877186,0.13688803,0.3632439,-0.1899191,-0.12566757,0.23723711,-0.16994576,-0.09900028,-0.35981083,0.24364176,0.45376846,0.028839517,-0.50581217,-0.47222477,0.4777581,0.48470885,-0.48649946,0.3973135,-0.29432523,0.41575742,-0.3999932,-0.25580916,0.5870979,-0.5242843,-0.50389487,-0.46014896,0.026730657,-0.72687757,-0.26422212,-0.21519218,0.035598278,0.096166186,-0.269837,-0.79739016,-0.046796136,0.1492138,0.5943452,0.275345,-0.26399451,-0.040987812,-0.051836777,0.28557605,-0.37069628,0.24347559,-0.17939651,0.04651933,0.019212132,0.097526565,0.23917635,0.2114964,-0.11265647,0.13930705,-0.122813605,-0.08080016,-0.7082764,0.20005983,0.09937585,-0.054636974,-0.4940225,0.21841852,-0.2905109,-0.13264252,0.89241064,0.055765152,0.17270009,0.30764788,0.6480539,0.38869148,-0.20327826,-0.53884816,0.25591516,-0.087939024,-0.4346596,-0.13211046,-0.109185494,-0.2124758,-0.011563618,-0.948462,0.05075947,0.22002871,0.8094771,0.3297698,0.37896213,-0.3390462,-0.38945264,0.51475316,-0.10662018,0.1264922,-0.399328,-0.30026454,-0.87700534,-0.31318718,-0.34969336,0.2809956,0.38652083,-0.31470424,0.028564058,-0.12101776,-0.16473193,-0.10079196,0.20969187,-0.30830616,0.6270063,0.49965793,0.43084937,-0.21575844,0.41648477,-0.2604153,0.033724807,-0.30829674,-0.28125605,0.33500388
39,0.29609346,-0.6649036,-0.0034032278,0.37397528,-0.04570023,-0.6005035,0.09134604,-0.007688828,0.03933622,0.2888487,-0.32950076,0.058209587,0.31663248,-0.17295153,0.13873821,0.16663429,-0.0575948,-0.017733645,0.16950102,-0.57661664,0.07500436,0.067559525,-0.11511941,0.23915105,-0.14893138,-0.051466428,0.5126746,-0.21981038,0.08237862,-0.2193308,-0.0024110887,-0.17130043,-0.34699872,-0.010509883,-0.11155449,-0.15493996,-0.21094798,0.40030444,0.80302006,-0.67873615,-0.14924371,-0.38545245,-0.30653945,-0.47926003,-0.4251328,-0.49914947,-0.22035854,-0.28897634,0.018577296,0.34894165,-0.30453658,0.031843107,0.21633829,0.35897425,0.24922885,-0.42869052,0.21825537,-0.5842556,0.18298945,-0.09478117,-0.44354296,0.2855756,-0.065249346,0.15683559,-0.2871433,0.3957603,-0.032504797,-0.24323152,-0.36081693,-0.2642025,-0.4493262,0.019722775,0.013677087,-0.5807367,0.2270811,-0.010583199,-0.6689669,0.529966,-0.39127246,0.46826145,-0.39138716,-0.34314245,0.70488644,-0.0036468192,-0.07391795,-0.09974046,-0.18901719,-0.39788964,0.2715752,-0.60149455,-0.44187093,-0.4448687,0.017273376,0.447399,0.49596676,-0.46508974,0.36086884,0.3466372,0.06839541,0.2648405,0.29551387,0.31707263,-0.66357267,-0.40638468,-0.4752967,-0.08570121,0.32837623,0.1699596,0.09532545,0.58149266,0.13452482,-0.3475052,0.016182393,0.4137812,0.44378027,-0.02387641,0.29843104,0.6919402,-0.2960335,0.41674376,0.5721119,0.6992725,-0.22974494,0.35151854,0.19752382,-0.3166089,-0.22568472,0.38187534
4,0.39623687,-0.19130561,-0.23582764,0.066842556,0.1360477,-0.680949,-0.5233438,0.073322736,-0.12640934,0.3567778,-0.59434503,-0.109103374,-0.1628558,-0.66640776,0.17266221,-0.039653156,-0.3280231,0.26489174,-0.39139724,-0.37491372,0.098828934,-0.032837663,0.17841522,-0.025399394,-0.39909267,-0.49306396,0.42898354,-0.2740537,0.44429442,0.11706053,-0.00844636,0.75709933,-0.35452762,-0.3705136,0.88227725,-0.17284463,0.5615265,0.244316,0.33740842,-0.41152158,0.5752656,-0.6375635,0.046033796,-0.35266194,-0.38264325,-0.029877638,-0.32465473,0.21029346,0.381775,0.7113222,-0.3130127,-0.07576189,0.5616131,0.115635596,0.023245765,-0.40307322,0.1176183,0.059496652,-0.40162298,-0.17584758,-0.8759172,-0.5346394,0.031703975,0.38621023,0.120976865,-0.076821335,-0.3376987,0.23428607,0.18181676,-0.48722315,0.09870004,0.3537649,-0.06646234,-0.08620574,0.066836074,-0.13524254,0.100171454,0.38172555,0.29162222,-0.12515011,-0.092425235,0.09640379,-0.03536157,-0.37479806,-0.65404856,-0.41549277,0.6405805,-0.22799554,-0.2690456,-0.297664,0.5579533,-0.15867673,-0.17031226,-0.07806184,0.0137149235,0.007371611,0.28012478,-0.0822833,-0.22997154,-0.17028306,-0.38119647,0.10024277,-0.59189653,-0.2777175,0.05203779,0.3089877,-0.26249272,0.08450166,0.4011794,-0.17974544,-0.13891219,-0.40480807,0.4959266,-0.029012438,0.025799016,-0.3562004,0.14031287,0.20361441,0.119703256,-0.21092094,0.42810255,0.9418274,-0.08752737,0.6859893,-0.024283351,0.2025309,-0.32916042,-0.60106754
40,0.5578397,-0.8478994,0.24894193,0.5782614,-0.055067994,-0.4100361,-0.3480911,0.3218551,-0.024024049,-0.35272196,-0.5068528,0.4880131,-0.49546874,-0.07807608,-0.035262905,0.0061739795,0.37655246,0.35258785,0.054891873,0.07600955,0.27472076,0.39783883,-0.21378861,-0.42654845,-0.17697603,-0.5321313,0.10525012,0.16708288,-0.06423424,0.16380776,0.32685664,0.4933001,-0.31788895,-0.11684338,-0.02308753,0.15386133,-0.12835008,-0.066742614,0.3415796,-0.58368045,-0.2121989,0.10210675,-0.10553995,-0.08161137,-0.6006208,0.15915576,-0.27948543,-0.20743598,0.36553115,0.794038,-0.4687099,0.062428646,0.15781878,0.6794026,-0.096164376,-0.3149415,-0.18494168,-0.03133913,-0.049880285,-0.19700019,-0.07965932,-0.15144275,0.18180329,-0.11032959,-0.22349656,-0.082043074,-0.30895478,-0.24221091,-0.10725484,-0.22819975,-0.10528328,0.45449305,0.24989356,-0.28927928,-0.23560001,-0.2730939,-0.09320235,-0.21575269,-0.095397286,0.35031685,-0.11187868,-0.49935126,0.39601222,0.24647935,-0.45054397,-0.32519937,0.38781625,-0.41328853,0.02580841,-0.5331986,-0.41014856,-0.27804947,0.016829215,0.06786566,0.25942293,-0.14714774,0.44410196,0.14749636,-0.30718678,0.100169435,-0.39200512,0.15323104,-0.5540977,0.05886391,-0.09498144,-0.24167818,-0.14130232,-0.080559835,0.062842496,0.015093346,0.18602577,-0.3591441,0.43721917,-0.09735844,0.08243356,-0.09065008,-0.11071858,0.024521518,0.2427063,0.5042469,0.55175054,0.5628851,-0.589091,0.46811783,0.35943013,0.3024503,-0.1794909,-0.37872636
41,0.7750796,-0.62988615,-0.31006867,0.2014587,-0.43029734,0.42532322,-0.28055525,0.5542324,-0.0827389,0.31516513,0.14142163,-0.22493173,-0.35147575,0.64010364,-0.16947895,-0.13093194,0.08031553,0.6748425,0.42395863,-0.08506185,0.29418412,0.85061157,-0.09766104,0.26237154,-0.3231288,-0.104140796,0.28270298,0.4612139,0.35308966,0.12791546,0.47278583,0.78163964,0.046263598,0.047364008,-0.15202776,-0.5540985,-0.33792627,0.17540683,0.07332414,-0.25537825,-0.19145639,0.37487087,0.73755974,0.14119124,-0.42472363,0.31038585,0.27055258,0.011538312,-0.15720373,-0.09695453,0.003424211,0.40622407,0.29858848,0.5431769,-0.0028915817,0.025890449,-0.3402049,-0.13577943,-0.09392097,-0.6542748,0.06211702,0.2563545,-0.007232486,-0.041396797,0.3240069,0.1836284,-0.088975064,-0.255221,0.28246224,-0.14173742,0.045812275,0.1372948,0.4751924,0.23149675,-0.59406704,-0.12530114,-0.1270659,-0.44079885,-0.36899045,-0.22200939,0.0060460456,0.09397244,-0.20688772,-0.38811845,0.35545725,0.026653275,0.3553028,0.19487436,0.59910023,0.120035484,-0.06327693,0.0038052606,-0.6884889,-0.10637198,-0.4598965,0.24848093,0.60127836,0.27815187,-0.34537408,0.23731026,-0.26745093,-0.36528963,-0.69006413,0.05921107,0.07095915,-0.03341626,-0.047368072,-0.25053728,-0.12527673,-0.08867197,0.31071457,0.029665688,0.016201282,0.085413225,0.37578472,-0.13570683,0.10999404,-0.14303042,-0.39622027,0.52194595,0.6281824,-0.22721308,-0.32942292,0.33230588,0.2557677,0.49630922,-0.07343139,0.21129434
42,1.1599191,-0.29864988,-0.015372772,0.14115246,-0.23937188,-0.15099627,-0.32837945,0.6207033,0.054433107,0.21056683,-0.32120392,-0.12426726,-0.26189348,-0.21557146,-0.1585313,0.035511076,-0.30966118,0.3111204,0.19713815,-0.55848455,0.2741051,0.65058744,0.12556474,0.17667261,-0.38472387,-0.56627953,0.6658011,0.17893265,0.22688876,0.06996349,-0.14241901,0.24367571,-0.5599445,-0.14762764,0.005329078,-0.60475284,-0.017548636,-0.07835318,0.15564157,-0.25912604,-0.030358596,-0.10535174,0.36990747,0.18586895,-0.017199097,-0.039376106,0.21421884,-0.019964358,-0.33917046,0.23513053,0.15223694,-0.06953971,0.48409122,0.5868245,-0.012948678,-0.37475044,0.02847745,-0.34576225,-0.15076052,-0.48636082,-0.22741836,-0.0024269735,0.11573433,0.020747053,0.14206535,-0.03762424,-0.075769335,-0.5904197,0.30761933,0.076272465,0.053726625,0.5079,0.1480065,0.24010517,-0.5354453,-0.016241414,-0.2062877,0.12682642,-0.33372155,-0.2337017,-0.18645191,0.52421707,-0.09802289,-0.20957002,0.34606597,-0.068169296,0.53508806,-0.13145623,0.16081403,0.11167185,-0.17432337,0.040300347,-0.2569519,-0.058732126,-0.215612,0.15716018,0.29442722,0.141004,-0.6578791,0.08494977,-0.58852094,0.27785656,-0.72058785,0.021728078,0.10984698,0.40935132,0.11449072,-0.32780066,0.13242827,0.011936692,0.2102445,0.026171736,0.060655084,0.5090298,0.3974399,0.10585923,0.6713012,0.05438395,-0.3100688,-0.18643944,0.57105565,0.45782825,-0.6939786,0.34262562,0.20270468,0.30747545,-0.11223707,0.05051275
43,0.28361943,-0.24010067,-0.45562348,0.84645283,0.30626357,0.1539816,-0.5688026,0.0238959,0.035612796,-0.08475772,-0.3200978,0.41016108,0.088729516,0.3780979,-0.18695,-0.16846466,-0.0956588,-0.18238789,-0.32949752,-0.6940791,0.23558293,0.24389334,0.27645832,-0.1510756,-0.3795772,0.120923,0.11980185,-0.6048205,-0.22621404,0.40178055,0.2467566,0.48759395,-0.43046924,0.09372808,0.5204733,-0.010365447,0.19892357,0.0008780892,-0.14190584,0.04150664,-0.40388712,-0.23237361,-0.18779512,-0.5689322,-0.20160288,-0.42994562,-0.09588301,-0.3855985,0.22070758,-0.122586206,-0.15771411,0.16925474,0.4050118,-0.3379223,-0.16888526,-1.0144398,-0.2718162,-0.20089528,-0.20170586,0.3609701,-0.7932238,0.38679567,0.5527892,-0.05810452,-0.08668431,-0.14307934,-0.35751835,-0.23669578,0.25169674,-0.371916,0.24517398,-0.080880046,-0.038751766,-0.33595955,-0.47865722,-0.053204935,-0.5901117,-0.11040973,-0.197898,-0.85789645,0.07919442,0.26974544,0.2398547,0.25225297,-0.37515646,-0.13018051,0.53914976,0.1341669,-0.19990568,-0.32760397,-0.27272993,0.020616908,-0.8434945,-0.47046283,-0.27083957,0.189225,0.5184432,-0.18536942,-0.3257462,0.47803065,0.06849978,-0.031514812,-0.3995855,0.25459418,-0.5107737,-0.13314016,-0.18703198,0.4327899,-0.39962754,0.18854833,-0.013124991,0.07483113,0.3424122,0.04781484,0.42175052,-0.35364985,-0.2986231,0.5669144,0.061985366,-0.27531096,0.6644739,-0.12275911,-0.25658435,0.13717929,0.7395092,-0.025557723,-0.4076388,0.16139811
44,0.38617262,-0.15901859,-0.2398939,0.33898437,0.26210862,-0.3434958,-0.61327064,0.108144686,-0.12760708,-0.10292549,-0.5345157,-0.10275298,0.23065045,-0.16662188,0.05547524,-0.23039874,-0.16716076,0.1562629,-0.47141433,-0.35796198,-0.06688977,-0.38552365,0.08980111,0.3184335,-0.19868718,0.060571212,0.2830808,-0.34391177,0.18764539,0.31173074,0.22318986,0.72085273,-0.3216327,0.067036904,0.44506493,0.27565062,0.30385983,0.17758073,-0.0844327,-0.0025036156,0.3133999,-0.6385446,-0.17089298,-0.59080434,0.30270612,-0.23133545,0.13112016,0.17715302,0.024187716,-0.187208,-0.046118714,0.18114962,0.41560906,-0.07735152,0.083989225,-0.57765216,0.20442462,-0.20869312,-0.16264036,-0.20223513,-0.8097831,-0.3050741,0.3197457,0.07941561,0.4258507,-0.073221944,0.017162453,0.22544497,0.09520893,-0.05045583,-0.2963468,0.114346124,-0.16516507,-0.15320352,-0.2056936,-0.1091672,-0.27036652,-0.19121753,0.17729098,-0.30760017,0.033049513,0.16580518,0.15817444,0.15775211,-0.7212649,-0.2691468,0.66853,-0.04198595,-0.050661694,-0.104635075,0.32983106,-0.3467298,-0.39339527,-0.65020084,0.32687736,0.17445593,0.5169329,0.060980413,0.22736992,0.10263817,0.06805881,0.3350586,-0.27060828,0.06459162,-0.21832469,-0.22325245,-0.13647321,0.0862278,-0.049511198,0.0477536,0.33053073,-0.3457449,0.16852245,-0.5198347,0.18682133,-0.2529784,-0.05178692,0.25344846,-0.13631904,0.22952577,0.14764868,0.050340448,0.069465645,0.58362484,0.37621903,-0.21044014,-0.5195828,-0.052544575
45,0.29963765,-0.18870425,-0.13603322,-0.021333769,-0.22413555,-0.36485937,-0.2642927,0.23909979,0.0030149098,0.4919456,-0.38654304,-0.06599533,-0.0761062,0.23425831,0.17489237,-0.3845711,-0.008692507,-0.17957672,-0.11427975,-0.526196,-0.01755307,0.22463539,0.7259527,-0.28668505,-0.37790948,-0.2956287,0.609793,-0.15029313,-0.09330667,0.21211004,-0.449108,0.28460875,-0.042687707,0.24405573,0.3966341,0.04290931,0.039763223,0.53188974,-0.1459975,0.16010267,0.074618444,-0.5097361,-0.06903138,-0.11397905,-0.06382271,-0.39230835,-0.20538485,0.12444167,-0.19520698,0.11437722,-0.46539757,0.26979303,0.5931401,0.50430095,-0.4941143,-0.44139573,-0.3455203,-0.24459192,0.2541248,-0.70351356,-0.42691234,-0.051108498,-0.23301882,0.20955072,-0.12834415,0.052235365,-0.18862121,-0.38144976,-0.27547994,-0.041347377,0.30597535,0.512705,0.20480172,-0.21142201,0.3137502,0.13613427,-0.22726506,0.2708419,-0.1945819,-0.23276184,0.24420474,-0.2521802,0.13124026,-0.11764333,-0.36908802,-0.19105421,0.5467603,0.20533326,-0.11903478,0.101657145,-0.013203388,-0.027764017,0.016567634,0.08284393,0.40651277,-0.19910161,0.94685173,0.009442412,-0.3892125,0.34326926,-0.26052645,0.07758374,-0.32242578,-0.067439124,-0.027402824,-0.21145436,0.04270647,0.09424312,-0.48789877,0.0809256,0.05468849,-0.24231622,0.42624274,0.12859124,0.30904165,-0.047131177,0.34975082,0.24393785,-0.64508396,0.13048337,0.012962697,0.4576587,-0.30027673,0.5634278,0.5793961,0.0145060485,-0.26914838,0.015727201
46,0.71367776,-0.60296774,-0.111988254,0.15693016,-0.01263461,0.030403534,-0.4513247,0.016782038,-0.32233727,-0.36541086,-0.6375523,-0.11295525,-0.46715182,0.024397144,0.1404713,0.33594546,0.28998417,0.6162524,0.6931326,0.052207578,0.17637485,0.8349338,-0.3589592,-0.3206562,0.17870495,-0.32424748,0.14398707,-0.26520655,-0.020531558,0.05215053,0.4759959,0.7563529,0.44263187,0.123664714,0.3140286,-0.12498351,-0.27346647,0.0858594,0.3304826,-0.42637902,-0.61363035,0.11518121,0.20942293,0.174332,-0.8283307,-0.080929,-0.00885436,-0.4691431,0.60210365,-0.035915837,0.22640915,0.24632291,-0.032895558,0.57417524,0.097532816,0.31513765,-0.38193014,-0.19174373,0.4344142,-0.57095104,0.024717994,-0.021722881,-0.27341083,0.25990716,0.014640519,0.25997764,-0.51815706,0.2248582,0.032493602,-0.45139453,-0.1305175,0.36946338,0.6208448,-0.67129457,0.024801739,-0.030799491,-0.26006395,-0.4489232,0.17288747,0.20725885,0.5357088,-0.46656945,0.11473042,-0.5920381,-0.16212888,-0.322254,0.6268629,0.16737315,0.47376984,-0.26118022,0.17250775,-0.09001416,-0.33734936,-0.34701946,-0.17262639,-0.015371159,0.13676225,0.39255828,-0.12262561,-0.5182393,-0.0107248435,-0.48039687,-0.48772585,-0.2653586,-0.20149091,-0.5870873,-0.5419849,0.060581233,0.031486023,-0.4677604,0.32313913,0.071111485,0.59143305,-0.127336,0.173254,-0.6972375,0.008383986,0.1517851,0.02373572,0.6620704,0.6905005,0.38577712,0.16603442,0.050790448,-0.044597488,0.1937897,-0.02032658,-0.19756994
47,0.3882088,-0.4714215,-0.043702763,0.19179004,-0.44778413,0.11983393,-0.42452416,0.34911668,-0.5033547,0.13741168,-0.07643252,-0.3915363,-0.12881485,0.2748697,-0.2682987,0.018758282,0.11806265,0.96648175,0.17465702,-0.06221625,0.33592284,0.3845719,-0.07983891,0.0970749,-0.28179494,0.04446874,0.005071117,0.52198195,0.56218994,-0.2828251,0.54360926,0.5069735,0.43387318,-0.022974009,-0.10171531,-0.48251224,-0.107698314,0.3318427,-0.20572203,0.09916526,-0.31814227,-0.123739496,-0.026688885,-0.06622663,0.07874038,0.1587904,0.11179543,0.11157051,-0.16800803,0.19604287,-0.07909593,0.357127,0.09837418,0.21621238,-0.036593746,0.44429767,-0.31085506,0.028844193,-0.07686346,-0.3224134,-0.18512298,0.13222773,-0.14655446,0.08289972,0.47366944,-0.095048994,-0.2688223,-0.2809048,0.47709298,-0.19283503,0.102622904,0.13774197,-0.053353276,0.4400792,-0.5764428,0.1397693,-0.22298032,-0.2947765,-0.3323977,-0.1014942,0.103829,-0.13701564,-0.07521497,-0.36130443,0.277921,0.006144607,0.6568708,0.11472974,0.61034775,0.24617867,0.2930629,-0.059785023,-0.46016702,-0.24619147,-0.40367636,0.025623458,0.6740173,0.647689,-0.18724681,0.2089721,0.12582004,-0.37621135,-0.7527585,0.18101948,0.08205641,-0.03432027,0.00076797203,-0.18172449,-0.1896994,-0.19531718,0.38562748,-0.011161618,-0.09806485,-0.35309803,0.5195493,0.0054808636,-0.03512969,-0.28147805,-0.27821073,0.61043173,0.5316576,0.14907885,-0.34441438,0.049928393,0.2369906,0.47727796,0.08408426,-0.22649449
48,0.80039054,0.08876725,-0.16366021,0.6036428,0.013211897,-0.4765323,-0.703085,0.37786862,-0.45354313,0.42506823,-0.6712668,-0.5494439,0.4401668,0.18203482,0.5582228,-0.16742991,-0.10415061,0.1414133,0.008264553,-0.67356896,0.2270665,0.0027928022,0.06610911,-0.0397338,-0.42426428,-0.5236603,0.5266708,-0.1559173,0.114800446,0.41109228,-0.069403894,0.28478265,0.2753621,-0.014816627,0.32240513,-0.15039763,0.051171117,0.077638365,0.049122985,0.24309465,-0.5744548,-0.63694096,-0.17047174,-0.39669037,0.531321,-0.5630829,0.32509035,-0.2991161,-0.4930411,-0.19612832,-0.042806953,0.30576366,0.17240298,0.23778042,-0.18682809,-0.59587497,-0.23345679,-0.42482302,0.48960784,-0.45324945,-0.5495105,-0.076673076,0.46753797,-0.13995382,-0.020256015,0.09918512,-0.4780168,0.15063885,-0.33873773,0.14821269,-0.14918071,0.63448554,0.6510668,-0.39246866,0.11393338,0.14323105,-0.82452565,0.21462429,-0.46844417,0.33623245,0.3673789,-0.04127436,0.34719154,0.14130275,-0.4530871,-0.52187634,0.82283103,0.51575,-0.16750243,-0.27432433,-0.19413571,-0.33285025,-0.39309326,-0.2088981,0.25875992,-0.31956297,0.09526178,0.42837575,0.18232419,0.31105146,0.13970034,-0.031358805,-0.25857136,-0.15250008,-0.49577656,-0.7520285,0.3414074,0.065683246,-0.40223214,-0.066028535,0.27049893,-0.32581955,0.13494831,-0.32098332,0.5849681,-0.19545549,0.4783132,0.5035828,-0.45467538,-0.09861435,0.7419504,0.66674125,-0.45148847,0.8829856,0.045999523,-0.114443004,-0.4421099,-0.08146338
49,-0.025753196,-0.47189283,-0.22235857,0.39468232,-0.17562215,-0.4744224,0.02048708,-0.30761373,0.17533156,0.25714266,-0.38079372,0.3379144,-0.029166896,0.22555484,-0.5970265,-0.02800586,0.3834617,0.39416713,-0.05758026,-0.13447705,0.21967201,0.69275564,-0.37718397,0.07079413,-0.59737414,0.05993312,0.0049523395,0.020920295,0.007668923,-0.052006442,0.26439667,0.67009306,0.32193676,-0.2995762,0.24067219,0.1086565,0.191301,-0.14063354,-0.24994914,0.11362091,-0.2402409,-0.5489824,0.41470435,-0.06436632,-0.47052905,-0.20763102,-0.5323308,-0.08744288,0.28354567,-0.2873639,-0.3092456,-0.10173198,0.37618378,0.52357006,-0.1154315,0.18140607,-0.05738102,0.45148814,0.3117823,-0.011027456,-0.4507273,0.10636095,-0.18737318,0.45085734,-0.11935809,0.38770163,-0.52502245,0.23456404,-0.1338817,-0.35672843,-0.28355423,-0.13607149,-0.7257771,-0.2546098,-0.7560251,-0.040899392,0.44003,0.077517495,0.5596395,-0.23930994,-0.17252381,-0.5008951,-0.3271582,-0.60510015,-0.3138669,-0.66697437,0.4774589,0.16610849,0.25977606,-0.49349913,-0.1538281,0.29164585,0.12683958,-0.3359146,-0.29868603,0.16225126,0.70505685,0.20559987,-0.063177764,-0.18815662,0.10662093,-0.45588648,-0.47197956,0.4401692,0.18034025,0.028161552,0.22480078,0.40151182,-0.27989942,0.2566524,-0.38205624,-0.706243,0.29842734,-0.023309747,0.67676145,0.218283,-0.2725274,-0.32978687,0.21528526,0.651673,0.33979753,-0.36520758,-0.2131689,0.58627313,-0.09813501,0.6518172,0.07284984,-0.7213537
5,0.31225702,-0.50685257,0.2619331,0.543943,0.06997225,-0.28495407,-0.7224448,0.11630072,-0.22829044,-0.15885423,-0.1893621,-0.024677936,-0.28445232,0.50080365,-0.48423764,-0.31649432,0.2147624,0.71550554,0.15552591,-0.30189535,0.06053327,0.114731014,-0.056560248,0.03725915,-0.72168726,0.28933617,0.25718468,0.5863396,-0.06430191,-0.08387649,0.27128917,0.32307112,-0.3312878,-0.11405873,-0.31682375,0.19344723,-0.098548666,0.2141092,0.049262,-0.27267003,-0.13409106,-0.5375588,-0.25625682,-0.5878753,0.28570345,0.22814125,-0.41845536,-0.23729907,0.15259211,-0.11101494,-0.57573736,-0.08926787,0.20290707,0.61488736,-0.121841826,-0.07976984,0.17851269,0.022052309,-0.2500814,-0.17954643,-0.040626585,0.24486986,0.2905812,0.28253078,0.16008787,-0.11467482,-0.23917702,-0.5629437,-0.28170747,0.045935035,-0.2934308,0.3163088,-0.16439508,0.014572732,-0.48079443,-0.39205745,-0.124603726,-0.5082191,0.34363714,0.37187508,0.30931723,-0.5876828,0.1831406,-0.120927945,-0.09278556,-0.43720385,0.43978614,-0.34219137,0.2691248,-0.30148196,-0.49236602,-0.064923115,0.028185839,-0.03813414,0.52479637,0.35569134,0.9148489,0.6959935,0.23750459,0.25050974,-0.12901326,0.21388265,-0.7843376,0.33709344,-0.14668941,-0.57505095,0.20329858,-0.42422187,-0.116795644,0.44353023,0.32597268,-0.84343207,0.32569543,-0.6065219,0.60403717,0.03777955,-0.39949062,-0.14412822,-0.41462943,1.0840362,0.12189507,0.10079743,-0.4123292,0.36001566,-0.12721492,0.2254657,-0.16931532,-0.11702043
50,0.19981247,0.16257998,-0.21617836,0.2715353,0.21393554,0.14982669,-0.6513643,-0.13378681,0.030902158,0.55880404,-0.046104103,0.0631312,-0.25977033,0.46758467,0.20308487,-0.3725889,-0.5954475,0.022534704,-0.44359156,-0.80362797,-0.23364928,0.049651932,0.47201353,-0.15810913,-0.67681456,0.24334578,0.41186884,-0.18843852,-0.12992048,0.40125987,-0.045075078,0.4606488,-0.74297196,0.088739716,0.46945843,-0.25327975,0.2411773,0.37282947,0.38022017,-0.22000813,0.06792286,-0.26187295,0.20085824,-0.58470684,-0.47066858,0.0131920185,-0.20890084,0.23339602,0.05056103,0.12319625,-0.49762794,0.19814795,0.7474322,-0.5161478,-0.15514399,-0.8710568,-0.1237597,0.14497112,-0.456423,0.060844094,-0.53750324,-0.013017258,0.2619083,0.37819105,0.044812214,-0.15871887,-0.24008794,-0.4344116,-0.055838235,-0.64637417,0.5653308,0.18579106,0.37307143,0.005755023,0.07298512,-0.069649085,0.023390433,0.2069039,0.1757182,-0.53641313,0.15820405,0.30075574,0.30994844,-0.23472597,-0.20907979,-0.087112434,0.18361866,0.03730819,-0.40896186,0.0732451,0.018252783,0.27708024,-0.5586904,0.05675195,-0.104594395,0.18876117,0.6182386,0.02643242,-0.32745293,0.35320544,-0.3749921,-0.089102216,-0.51702964,-0.04757126,-0.18734089,-0.053080957,-0.23857564,0.06739494,-0.17047709,0.21410334,0.10772341,-0.19365956,0.26740327,0.1980765,0.016120745,-0.50421953,-0.19642927,0.30760762,-0.21688713,-0.15219726,0.37119645,0.39162678,0.16948529,0.1992475,0.04597481,-0.076703206,-0.60816216,0.20844457
6,-0.08068265,-0.3799607,-0.12620966,-0.1559541,-0.5703116,-0.14022161,0.37552756,0.047580205,0.14298037,0.3866496,-0.41227496,-0.41498452,0.46463826,0.32056862,-0.15838638,-0.05391538,0.14525212,0.4781868,0.06625539,-0.015344926,-0.4146634,0.15179506,-0.042113,0.62419415,-0.06934917,0.3244041,0.49738726,0.30212072,0.3195086,-0.75356704,0.5525069,0.47220257,0.6042046,0.3346041,-0.019051397,-0.07911696,-0.22324145,0.22730167,0.119925745,-0.41439334,-0.26977354,-0.4231034,0.18428393,-0.3142487,-0.43878683,-0.32513428,0.21093243,0.4150029,-0.23659612,-0.7352393,0.0062407968,0.38626054,0.8224136,0.124990836,-0.16034372,0.15020637,-0.014884008,0.04598944,0.15667541,-0.1912376,-0.6497997,0.32945466,-0.6749179,0.16561988,0.30563855,0.79599035,-0.24216236,0.30950898,0.16393445,-0.28138924,-0.6191334,-0.6174811,-0.70738417,0.04719275,-0.22066721,0.5117259,0.004262128,0.56976867,-0.019612227,-0.1216013,-0.45729262,0.19143228,0.33255625,-0.17135397,-0.106106356,-0.24256746,0.10748677,0.19008288,0.48685938,0.15613075,0.47278762,-0.35530385,-0.40198898,-0.6364935,-0.36887518,-0.56679493,0.77329046,0.4493132,0.37225625,-0.06456797,0.57970035,-0.13859627,-0.37824792,-0.23328115,-0.26562127,0.09706549,-0.07112603,0.09871252,-0.12524043,0.043338705,-0.07339588,-0.036034588,-0.20498747,0.08979515,0.42814726,0.21965387,0.35989383,-0.053752474,0.030944062,0.7406766,0.56784785,-0.44846734,0.18641485,-0.12743773,0.31724876,-0.043503273,-0.06647181,0.017872415
7,0.25988385,-0.58522165,0.10658523,0.414711,-0.35672793,-0.09702289,0.35885948,0.42640758,-0.029052176,0.42246884,-0.23696402,-0.29565647,0.32960185,0.66485816,-0.041945472,-0.12881213,0.06391979,0.44976702,0.05725428,-0.1437535,0.1318669,0.4406851,-0.3587387,0.32542074,-0.17967087,0.18332565,0.33255014,0.59945935,0.05534811,-0.261003,0.40149438,0.082072414,0.019846294,0.22073849,-0.3484603,-0.2722618,-0.3245368,0.2800169,0.18274575,-0.41415069,-0.44647747,0.16925074,-0.047013283,-0.26726222,-0.14738902,-0.27255493,-0.06292885,0.071531475,-0.28015092,0.2819848,-0.34270108,0.29312322,0.06868783,0.13036151,-0.15762773,-0.220636,-0.37825313,-0.08916634,0.21137732,-0.019834451,-0.101907305,0.13826331,-0.03031115,0.00034116063,0.35467976,-0.0070838416,0.039193533,-0.5096002,-0.09678467,-0.37302497,-0.22125745,0.060944837,0.11040937,0.15491387,-0.07894598,0.10529897,-0.49646854,0.19171207,-0.32534313,0.17164378,-0.13587885,-0.17937008,0.3329739,-0.17846294,0.03617257,-0.12324569,0.25949413,-0.15581362,0.4584471,-0.14416979,-0.40622652,-0.32997856,-0.13973059,-0.21203594,0.032177962,-0.45244128,0.8591514,0.56389225,0.20100394,0.34724742,0.33106804,0.0314287,-0.20754361,0.03736729,-0.2358617,-0.51255053,0.4245655,-0.051249042,-0.37578434,0.20888707,0.1517668,0.012123307,-0.21954608,-0.04769691,0.62032133,0.32639533,0.116678074,0.0822114,-0.35543022,1.008913,0.4638765,0.0574711,-0.34132764,0.17274591,0.5998637,-0.05203639,-0.11687417,-0.044699714
8,0.11200592,-0.24157882,-0.074449696,0.4205207,0.08458427,0.046845876,-0.65558577,0.032832827,-0.18296878,0.23917511,-0.006846095,-0.25275016,-0.12277851,0.8130795,-0.11785534,-0.381125,0.0077456934,0.75930005,0.21736155,-0.22744879,-0.055476807,0.3385496,-0.26332584,0.28989878,-0.81293786,0.34657133,0.062755756,0.6013904,0.12845103,0.0064167017,0.5842496,0.5983778,0.26694524,-0.0562034,-0.044172693,-0.07230651,-0.008607914,-0.056181785,0.10289993,-0.09041297,-0.3716447,-0.19660868,0.5639343,-0.4653083,0.009035838,0.3519434,-0.21941161,0.05598234,0.08684424,-0.56261224,-0.19358592,0.0057232366,0.18146668,0.13213573,-0.11482577,-0.07230683,-0.17205526,0.3853424,-0.039033074,0.013008579,0.089559354,0.3113447,0.12737405,0.17448726,0.17176464,0.40957013,-0.27500132,0.08520021,0.06998204,-0.12828203,-0.32925543,-0.24516325,-0.015838603,0.19833182,-0.5794484,-0.24411783,0.113191515,-0.29637384,0.29234713,0.19035842,0.2766299,-0.0690561,0.11670253,-0.30363813,-0.08203824,-0.73405534,0.20996282,0.2060964,0.06561337,-0.1343958,-0.1531649,0.18726827,-0.45520225,-0.21020138,-0.24309698,0.20091408,0.41415483,0.5486106,0.3937455,-0.13277492,0.009762079,-0.42889002,-0.47426358,0.028500963,-0.24361496,-0.43261328,0.03822694,-0.3093074,-0.0224947,0.21249804,0.027567893,-0.49097818,0.15830384,-0.3280156,0.46211818,-0.20208032,-0.418702,-0.37953845,-0.16901526,0.751031,0.5667961,-0.3434802,-0.2500064,0.39765286,-0.7319963,0.40001577,-0.12375541,0.035239242
9,0.44462317,-0.28238013,0.18368939,0.67827904,0.7084229,-0.12247885,-0.48073444,0.09124829,-0.22884032,-0.42480463,-0.10285591,-0.16840032,-0.077360794,-0.27538422,-0.3769834,-0.18674682,-0.26135826,0.8540078,0.14267132,-0.53206325,-0.10362755,-0.038918804,-0.17227821,0.21914168,-0.36305413,0.09805567,0.24870525,0.13508955,-0.07662691,-0.0493096,0.39847532,0.14387019,-0.1894587,0.14748359,0.064088084,-0.2870108,0.14491686,-0.16200705,0.5416344,-0.5642126,-0.20796053,-0.27819306,0.02542408,-0.7683106,0.11107742,-0.1383483,-0.15614669,-0.49917066,0.44469038,-0.15665662,0.16751899,-0.15684716,0.34322804,0.1385428,0.30381125,-0.2501104,0.54006535,-0.23432502,-0.31684542,0.51847667,-0.21711855,0.12009513,0.38053885,0.7123907,0.2281036,0.02344036,-0.19646995,-0.24050345,0.29313812,-0.19468023,-0.6288594,-0.041102484,-0.09873828,-0.26409075,-0.48959047,-0.36598796,-0.18466331,-0.104439706,0.47930074,0.39322808,-0.006692681,-0.0015962983,0.061138805,-0.28651473,0.13211663,-0.41754308,0.38069388,-0.3208863,0.14047746,-0.43489283,-0.21190178,-0.22681065,-0.2982805,0.09193794,0.02285005,0.39005676,0.2879984,0.58894473,0.5585532,-0.03942881,0.21862276,0.5077241,-1.2463038,0.17736055,-0.45380467,-0.3938683,-0.37088034,0.0046952376,0.49867225,0.16032936,-0.024262652,-0.059077285,0.53799576,-0.39400926,0.64529675,-0.23528543,-0.33528733,0.121711455,0.17024074,0.44482923,0.29140416,0.35751432,-0.09682278,-0.26504868,-0.4330505,-0.07109939,-0.074082464,0.09377943
